dept,number,prof,year,semester,section,A,B,C,D,F,I,S,U,Q,X,gpa
CSCE,110,DUTTA A,2017,SPRING,2010,56,48,25,19,6,0,0,0,18,0,2.838
CSCE,110,HOUNGNINOU D,2019,FALL,2012,64,50,35,14,7,1,0,0,23,0,2.882
CSCE,110,HOUNGNINOU D,2019,SPRING,3021,88,108,44,6,14,2,0,0,20,0,2.962
CSCE,110,HOUNGNINOU D,2019,SUMMER,700,19,11,3,3,5,0,0,0,1,0,2.878
CSCE,110,HOUNGNINOU D,2020,FALL,1197,81,48,28,7,4,0,0,0,16,0,3.161
CSCE,110,HOUNGNINOU D,2020,SPRING,2010,61,63,33,10,10,0,0,0,3,0,2.876
CSCE,110,HOUNGNINOU D,2020,SUMMER,399,41,24,3,3,5,1,0,0,4,1,3.224
CSCE,110,HOUNGNINOU D,2021,SUMMER,700,31,14,8,3,5,0,0,0,7,0,3.033
CSCE,110,HOUNGNINOU D,2022,SPRING,4732,49,42,23,12,14,0,0,0,40,0,2.714
CSCE,110,HOUNGNINOU D,2022,SUMMER,700,29,20,12,4,7,0,0,0,7,0,2.833
CSCE,110,HOUNGNINOU D,2023,SUMMER,700,32,18,7,1,3,0,0,0,5,0,3.23
CSCE,110,HURLEY J,2012,FALL,1506,47,46,15,7,3,0,0,0,2,0,3.076
CSCE,110,HURLEY J,2012,SUMMER,300,4,2,4,0,0,0,0,0,0,0,3.0
CSCE,110,LUPOLI S,2017,FALL,2012,17,54,58,15,11,0,0,0,20,0,2.329
CSCE,110,MAHMOOD M,2024,SPRING,1524,45,16,11,5,4,0,0,0,16,0,3.148
CSCE,110,MCGUIRE T,2021,SPRING,2010,47,72,28,9,5,0,0,0,11,0,2.913
CSCE,110,MENESES,2016,FALL,2012,26,33,25,11,8,0,0,0,41,0,2.563
CSCE,110,MENESES,2016,SPRING,1506,17,23,20,12,7,0,1,0,11,0,2.392
CSCE,110,NAKAMURA F,2017,FALL,1009,32,14,9,4,3,0,3,0,16,0,3.097
CSCE,110,NAKAMURA F,2018,FALL,2010,102,45,23,8,0,3,0,0,9,0,3.354
CSCE,110,NAKAMURA F,2018,SPRING,2010,72,36,27,13,11,0,0,0,14,0,2.912
CSCE,110,RITCHEY P,2015,SPRING,1007,13,13,7,2,4,0,0,0,19,0,2.744
CSCE,110,WILLIAMS T,2012,SPRING,2515,41,26,16,5,13,1,0,0,13,0,2.762
CSCE,110,WILLIAMS T,2013,FALL,1506,51,29,9,2,4,2,0,1,21,0,3.274
CSCE,110,WILLIAMS T,2013,SPRING,1506,43,30,18,5,4,0,0,0,9,0,3.03
CSCE,110,WILLIAMS T,2014,FALL,1506,49,19,26,4,4,0,0,0,25,0,3.029
CSCE,110,WILLIAMS T,2014,SPRING,1506,36,29,17,4,4,0,0,0,29,0,2.989
CSCE,110,WILLIAMS T,2015,FALL,1506,27,24,12,1,5,1,0,0,22,0,2.971
CSCE,110,WILLIAMS T,2015,SPRING,1003,27,13,12,9,4,0,0,0,23,0,2.769
CSCE,110,YUM K,2021,FALL,4028,40,77,41,11,5,0,0,0,9,0,2.782
CSCE,110,YUM K,2021,SPRING,1011,21,28,15,3,7,0,0,0,14,0,2.716
CSCE,110,YUM K,2022,FALL,4028,35,79,33,19,2,2,0,0,10,0,2.75
CSCE,110,YUM K,2022,SPRING,2390,25,22,24,4,4,0,0,0,11,0,2.759
CSCE,110,YUM K,2023,FALL,4028,42,80,33,12,7,0,0,0,14,0,2.793
CSCE,110,YUM K,2023,SPRING,4028,21,68,54,17,13,0,0,0,16,0,2.387
CSCE,110,YUM K,2024,SPRING,2516,29,38,19,3,7,0,0,0,7,0,2.823
CSCE,111,ANDERSEN F,2017,SPRING,1003,4,14,4,5,2,1,0,0,7,0,2.448
CSCE,111,DUARTE DINIZ,2017,FALL,1009,25,18,8,1,0,0,0,0,4,0,3.288
CSCE,111,DUARTE DINIZ,2018,SPRING,501,23,11,1,0,1,1,0,0,8,0,3.528
CSCE,111,GOOCH B,2014,FALL,1509,42,14,2,0,2,0,0,0,0,0,3.567
CSCE,111,GOOCH B,2015,FALL,1515,52,21,8,4,2,1,0,0,2,0,3.345
CSCE,111,GOOCH B,2015,SPRING,1007,28,4,6,0,2,0,0,0,0,1,3.4
CSCE,111,GOOCH B,2017,FALL,1003,70,8,7,2,3,0,0,0,3,0,3.556
CSCE,111,GOOCH B,2017,SPRING,1007,73,7,3,1,5,0,0,0,2,0,3.596
CSCE,111,HUANG S,2018,FALL,1009,34,14,6,1,1,0,0,0,1,0,3.411
CSCE,111,HURLEY J,2012,FALL,1506,35,47,21,7,6,0,0,0,2,0,2.845
CSCE,111,HURLEY J,2012,SPRING,2515,25,40,18,6,6,0,0,0,5,0,2.758
CSCE,111,HURLEY J,2013,FALL,1506,35,40,24,10,2,0,0,0,8,0,2.865
CSCE,111,HURLEY J,2013,SPRING,1506,33,39,16,15,8,0,0,0,4,0,2.667
CSCE,111,HURLEY J,2014,FALL,1506,29,28,27,3,2,1,0,0,8,0,2.888
CSCE,111,HURLEY J,2014,SPRING,1506,24,39,33,10,1,0,0,0,9,0,2.701
CSCE,111,HURLEY J,2014,SUMMER,300,4,7,3,0,0,0,0,0,0,0,3.071
CSCE,111,HURLEY J,2015,FALL,1506,31,29,16,7,3,0,0,0,8,0,2.907
CSCE,111,HURLEY J,2015,SPRING,1003,26,20,12,4,0,0,0,0,11,0,3.097
CSCE,111,HURLEY J,2015,SUMMER,300,3,2,2,0,0,0,0,0,0,0,3.143
CSCE,111,HURLEY J,2016,FALL,2012,46,49,29,4,1,0,0,0,12,0,3.047
CSCE,111,HURLEY J,2016,SPRING,1506,28,36,7,3,4,0,0,0,8,0,3.038
CSCE,111,KUMAR S,2022,FALL,4028,78,57,12,8,3,0,0,0,30,0,3.259
CSCE,111,LIGHTFOOT R,2018,FALL,1003,68,14,5,4,0,0,0,0,4,0,3.604
CSCE,111,LIGHTFOOT R,2018,SPRING,1007,40,16,15,1,4,1,0,0,4,0,3.145
CSCE,111,LIGHTFOOT R,2019,FALL,2012,117,43,18,3,8,0,0,0,4,0,3.365
CSCE,111,LIGHTFOOT R,2019,SPRING,1003,67,18,7,5,1,0,0,0,1,0,3.48
CSCE,111,LIGHTFOOT R,2020,FALL,2012,92,24,14,1,13,1,0,0,10,0,3.257
CSCE,111,LIGHTFOOT R,2020,SPRING,1003,61,18,7,3,1,0,0,0,1,0,3.5
CSCE,111,LIGHTFOOT R,2021,FALL,4036,128,13,16,2,14,0,0,0,14,0,3.382
CSCE,111,LIGHTFOOT R,2021,SPRING,1003,80,1,0,0,3,0,0,0,6,0,3.845
CSCE,111,LIGHTFOOT R,2022,SPRING,1001,78,7,4,0,0,0,0,0,9,0,3.831
CSCE,111,LIGHTFOOT R,2023,FALL,4028,131,23,10,5,12,0,0,0,8,0,3.414
CSCE,111,LIGHTFOOT R,2023,SPRING,2006,74,7,6,0,0,0,0,0,7,0,3.782
CSCE,111,LIGHTFOOT R,2024,SPRING,4028,102,6,7,5,18,9,0,0,17,0,3.225
CSCE,111,SHEEHY J,2016,SPRING,1009,41,8,1,4,1,1,0,0,7,0,3.527
CSCE,120,BEIDEMAN C,2023,FALL,3015,156,19,8,3,5,0,0,0,5,0,3.665
CSCE,120,BEIDEMAN C,2024,SPRING,2070,53,16,7,2,5,0,0,0,11,0,3.325
CSCE,120,CARLISLE M,2021,FALL,706,7,2,1,0,0,0,0,0,1,0,3.6
CSCE,120,CHAMON C,2022,FALL,2006,16,3,4,0,2,3,0,0,3,0,3.24
CSCE,120,CHAMON C,2023,FALL,4764,112,42,8,1,4,2,0,0,9,0,3.539
CSCE,120,CHAMON C,2023,SPRING,4028,148,15,8,0,3,0,0,0,17,0,3.753
CSCE,120,CHAMON C,2023,SUMMER,1001,14,10,4,1,2,0,0,0,1,0,3.065
CSCE,120,CHAMON C,2024,SPRING,4092,122,28,5,6,3,0,0,0,19,0,3.585
CSCE,120,DUYSAK A,2022,FALL,550,8,3,0,0,0,0,0,0,5,0,3.727
CSCE,120,DUYSAK A,2023,FALL,550,10,3,1,1,1,0,0,0,0,0,3.25
CSCE,120,DUYSAK A,2023,SPRING,550,4,1,2,0,2,0,0,0,3,0,2.556
CSCE,120,DUYSAK A,2024,SPRING,550,9,2,1,0,0,0,0,0,0,0,3.667
CSCE,120,HOUNGNINOU D,2022,SUMMER,301,2,2,1,1,0,0,0,0,0,0,2.833
CSCE,120,HUANG Q,2021,FALL,1035,6,2,3,1,0,0,0,0,0,0,3.083
CSCE,120,LUPOLI S,2024,SPRING,2390,30,25,5,2,8,1,0,0,9,0,2.957
CSCE,120,MAHMOOD M,2024,SPRING,200,21,0,1,0,0,0,0,0,1,0,3.909
CSCE,120,MCGUIRE T,2022,FALL,7110,72,32,13,4,4,0,0,0,16,0,3.312
CSCE,120,MOORE J,2021,FALL,593,2,2,2,0,0,0,0,0,0,0,3.0
CSCE,120,MOORE J,2022,FALL,599,16,9,3,0,2,6,0,0,9,0,3.233
CSCE,120,MOORE J,2022,SPRING,3579,17,12,7,4,4,0,0,0,15,0,2.773
CSCE,120,MOORE J,2022,SUMMER,1401,10,4,3,0,1,0,0,0,1,0,3.222
CSCE,120,MOORE J,2023,FALL,403,41,6,3,0,0,0,0,0,0,0,3.76
CSCE,120,MOORE J,2023,SPRING,898,24,10,5,3,4,1,0,0,2,0,3.022
CSCE,120,MOORE J,2024,SPRING,3528,57,28,10,6,5,0,0,0,12,0,3.189
CSCE,120,MUZAHID A,2023,FALL,2030,40,13,12,6,3,1,0,0,3,0,3.095
CSCE,120,RITCHEY P,2021,FALL,501,2,1,2,0,0,0,0,0,1,0,3.0
CSCE,120,TAELE P,2021,FALL,521,3,2,0,0,0,0,0,0,0,0,3.6
CSCE,120,TAELE P,2022,SPRING,1021,2,4,3,0,1,0,0,0,0,0,2.6
CSCE,121,BEIDEMAN C,2024,SPRING,2038,25,35,13,7,3,0,0,0,13,0,2.867
CSCE,121,CARLISLE M,2021,FALL,1721,50,23,12,5,6,0,0,0,12,0,3.104
CSCE,121,CHAMON C,2022,FALL,2126,37,11,4,1,2,3,0,0,8,0,3.455
CSCE,121,CHAMON C,2023,SUMMER,301,3,2,2,1,0,0,0,0,1,0,2.875
CSCE,121,DA SILVA D,2019,FALL,2090,37,25,8,4,0,0,0,0,20,0,3.284
CSCE,121,DA SILVA D,2020,FALL,2038,52,16,9,0,0,0,0,0,10,0,3.558
CSCE,121,DANG D,2017,FALL,2042,34,27,10,4,2,0,0,0,8,0,3.13
CSCE,121,DAUGHERITY W,2012,FALL,4545,56,53,26,3,21,1,0,0,14,0,2.755
CSCE,121,DAUGHERITY W,2012,SPRING,2515,57,22,11,3,2,1,0,0,5,0,3.358
CSCE,121,DAUGHERITY W,2012,SUMMER,100,11,2,1,0,1,0,0,0,1,0,3.467
CSCE,121,DAUGHERITY W,2013,FALL,2515,30,43,15,6,2,0,0,0,11,0,2.969
CSCE,121,DAUGHERITY W,2013,SPRING,5055,52,53,37,11,27,0,0,0,24,0,2.511
CSCE,121,DAUGHERITY W,2014,FALL,6591,121,114,46,9,13,2,0,0,32,0,3.059
CSCE,121,DAUGHERITY W,2014,SPRING,2515,33,50,20,8,1,0,0,0,8,0,2.946
CSCE,121,DAUGHERITY W,2014,SUMMER,100,29,5,3,1,0,0,0,0,0,0,3.632
CSCE,121,DAUGHERITY W,2015,FALL,5843,72,112,64,13,10,0,0,0,16,0,2.823
CSCE,121,DAUGHERITY W,2015,SPRING,4036,54,75,31,9,6,0,0,0,6,0,2.926
CSCE,121,DAUGHERITY W,2015,SUMMER,201,14,22,10,3,2,1,0,0,3,0,2.843
CSCE,121,DAUGHERITY W,2016,FALL,3069,28,62,35,6,2,0,0,0,9,0,2.812
CSCE,121,DAUGHERITY W,2016,SPRING,4238,51,72,42,10,9,0,0,0,11,0,2.793
CSCE,121,DAUGHERITY W,2016,SUMMER,101,8,10,7,2,0,1,0,0,0,0,2.889
CSCE,121,DAUGHERITY W,2017,FALL,4132,62,88,27,10,1,0,0,0,4,0,3.064
CSCE,121,DAUGHERITY W,2017,SPRING,2058,31,34,21,4,2,0,0,0,3,0,2.957
CSCE,121,DAUGHERITY W,2017,SUMMER,101,13,7,7,1,1,1,0,0,3,0,3.034
CSCE,121,DUYSAK A,2022,FALL,2326,46,19,5,6,1,0,0,0,16,0,3.338
CSCE,121,FERREIRA C,2019,FALL,2042,25,25,20,7,1,0,0,0,12,0,2.846
CSCE,121,GARZA E,2018,FALL,1590,23,27,10,6,3,0,0,0,19,0,2.884
CSCE,121,HOLANDA M,2023,FALL,5555,99,68,45,21,22,1,0,0,30,0,2.788
CSCE,121,HOLANDA M,2023,SPRING,4536,97,69,38,20,19,0,0,0,45,0,2.844
CSCE,121,HOUNGNINOU D,2022,SUMMER,300,8,10,5,4,7,0,0,0,1,3,2.235
CSCE,121,HUANG Q,2021,FALL,2074,25,20,12,6,2,0,0,0,12,0,2.923
CSCE,121,HUANG Q,2022,FALL,3066,104,35,22,5,0,2,0,0,24,0,3.434
CSCE,121,HUANG Q,2023,SPRING,2042,33,14,6,16,1,0,0,0,19,0,2.886
CSCE,121,HUANG Q,2024,SPRING,4028,65,44,24,16,9,0,0,0,20,0,2.886
CSCE,121,HURLEY J,2013,SUMMER,300,10,5,7,3,0,0,0,0,0,0,2.88
CSCE,121,IOERGER T,2019,FALL,201,18,4,0,0,0,0,0,0,2,0,3.818
CSCE,121,JAIN A,2021,SPRING,2010,42,16,2,0,6,0,0,0,14,0,3.333
CSCE,121,KEYSER J,2014,SPRING,1521,15,9,6,6,6,0,0,0,9,0,2.5
CSCE,121,KEYSER J,2015,SPRING,200,10,2,1,0,0,1,0,0,1,0,3.692
CSCE,121,LEE H,2012,SPRING,2030,33,17,18,5,7,0,0,0,6,0,2.8
CSCE,121,LEYK T,2018,FALL,6078,113,105,56,5,0,0,0,0,17,0,3.168
CSCE,121,LEYK T,2019,FALL,4260,95,62,23,3,1,0,0,0,8,0,3.342
CSCE,121,LIGHTFOOT R,2020,SUMMER,398,44,14,11,5,4,0,0,0,2,0,3.141
CSCE,121,LIGHTFOOT R,2021,SUMMER,300,31,12,10,4,2,4,0,0,7,0,3.119
CSCE,121,LUPOLI S,2021,SPRING,6126,62,39,24,12,14,0,0,0,78,0,2.815
CSCE,121,MAHMOOD M,2023,FALL,4116,67,54,27,6,11,2,0,0,19,0,2.97
CSCE,121,MCGUIRE T,2020,SPRING,4132,56,54,22,8,14,0,0,0,5,0,2.844
CSCE,121,MCGUIRE T,2021,FALL,4100,43,37,17,15,17,1,0,0,33,0,2.574
CSCE,121,MCGUIRE T,2022,FALL,7074,48,29,14,2,4,1,0,0,38,0,3.186
CSCE,121,MOORE J,2015,FALL,5627,72,83,42,12,8,0,0,0,31,0,2.917
CSCE,121,MOORE J,2015,SPRING,2042,12,18,13,9,8,0,0,0,23,0,2.283
CSCE,121,MOORE J,2016,FALL,2523,57,47,19,6,9,0,0,0,47,0,2.993
CSCE,121,MOORE J,2016,SPRING,1022,40,55,27,18,13,0,0,0,32,0,2.595
CSCE,121,MOORE J,2016,SUMMER,700,18,12,4,5,9,1,0,0,6,0,2.521
CSCE,121,MOORE J,2017,FALL,4036,70,47,27,18,7,0,0,0,24,0,2.917
CSCE,121,MOORE J,2017,SPRING,2547,47,47,17,4,6,0,0,0,12,0,3.033
CSCE,121,MOORE J,2017,SUMMER,700,13,25,9,4,5,0,0,0,12,0,2.661
CSCE,121,MOORE J,2018,FALL,6238,96,94,33,13,17,0,0,0,41,0,2.945
CSCE,121,MOORE J,2018,SPRING,4132,59,41,28,13,8,0,0,0,44,0,2.872
CSCE,121,MOORE J,2018,SUMMER,700,19,7,9,9,6,1,0,0,7,0,2.48
CSCE,121,MOORE J,2019,FALL,4036,54,52,35,15,8,0,0,0,27,0,2.787
CSCE,121,MOORE J,2019,SPRING,4132,84,41,26,13,2,0,0,0,23,0,3.157
CSCE,121,MOORE J,2019,SUMMER,1401,32,14,7,1,7,18,0,0,11,2,3.033
CSCE,121,MOORE J,2020,FALL,1788,117,64,18,5,13,0,0,0,21,0,3.23
CSCE,121,MOORE J,2020,SPRING,4036,64,48,12,22,19,0,0,0,3,0,2.703
CSCE,121,MOORE J,2020,SUMMER,399,28,25,15,2,7,0,0,0,6,0,2.844
CSCE,121,MOORE J,2021,FALL,3561,35,42,18,14,15,0,0,0,47,0,2.548
CSCE,121,MOORE J,2021,SPRING,1183,77,20,12,6,10,7,0,0,35,0,3.184
CSCE,121,MOORE J,2021,SUMMER,700,20,13,10,12,14,4,0,0,5,0,2.188
CSCE,121,MOORE J,2022,FALL,2390,75,25,10,4,2,10,0,0,19,0,3.44
CSCE,121,MOORE J,2022,SPRING,5346,33,42,35,22,32,0,0,0,40,22,2.134
CSCE,121,MOORE J,2022,SUMMER,1401,24,17,12,7,5,0,0,0,3,0,2.738
CSCE,121,MOORE J,2023,SPRING,2985,43,35,18,4,8,11,0,0,23,0,2.935
CSCE,121,MOORE J,2023,SUMMER,700,26,21,11,2,6,1,0,0,9,1,2.894
CSCE,121,NEMEC A,2021,SPRING,2090,33,19,4,1,6,0,0,0,15,0,3.143
CSCE,121,NOWAK M,2017,FALL,2106,15,34,20,5,1,0,0,0,19,0,2.76
CSCE,121,NOWAK M,2017,SPRING,2010,24,21,17,9,8,0,0,0,15,0,2.557
CSCE,121,NOWAK M,2018,FALL,2090,31,29,15,6,0,0,0,0,18,0,3.049
CSCE,121,NOWAK M,2018,SPRING,2042,27,21,25,4,3,0,0,0,17,0,2.812
CSCE,121,NOWAK M,2019,FALL,2106,34,25,6,3,1,0,0,0,24,0,3.275
CSCE,121,NOWAK M,2019,SPRING,2090,48,17,12,10,1,0,0,0,12,0,3.148
CSCE,121,POLSLEY S,2021,SPRING,2106,39,15,8,3,2,0,0,0,12,0,3.284
CSCE,121,QUINN M,2016,FALL,2042,25,27,16,4,4,0,0,0,16,0,2.855
CSCE,121,QUINN M,2017,FALL,700,15,8,9,8,0,0,0,0,8,0,2.75
CSCE,121,QUINN M,2017,SPRING,1554,35,21,8,1,0,0,0,0,11,0,3.385
CSCE,121,RITCHEY P,2019,FALL,4132,47,57,30,12,10,0,0,0,34,0,2.763
CSCE,121,RITCHEY P,2019,SPRING,4068,87,36,29,10,8,0,0,0,24,0,3.082
CSCE,121,RITCHEY P,2020,FALL,6114,133,50,19,3,5,0,0,0,23,0,3.443
CSCE,121,RITCHEY P,2020,SPRING,4196,68,46,17,12,16,0,0,0,3,0,2.868
CSCE,121,RITCHEY P,2021,FALL,3015,49,44,22,13,16,0,0,0,24,0,2.674
CSCE,121,RITCHEY P,2022,SPRING,1776,27,19,13,10,11,0,0,0,15,0,2.513
CSCE,121,SHELL D,2018,SPRING,4036,33,53,14,9,11,2,0,0,69,0,2.733
CSCE,121,SHELL D,2019,SPRING,2010,24,25,10,4,4,0,0,0,31,0,2.91
CSCE,121,SOTO C,2016,FALL,517,28,25,15,2,6,0,0,0,13,0,2.882
CSCE,121,STROUSTRUP B,2013,FALL,2540,35,39,18,6,5,1,0,0,12,0,2.903
CSCE,121,TAELE P,2020,FALL,4124,91,38,18,3,1,0,0,0,16,0,3.424
CSCE,121,TAELE P,2021,FALL,2090,34,16,13,4,2,0,0,0,9,0,3.101
CSCE,121,TAELE P,2021,SPRING,2074,47,10,11,1,1,0,0,0,19,0,3.443
CSCE,121,TAELE P,2022,SPRING,4108,98,37,11,5,3,1,0,0,14,0,3.442
CSCE,121,TAYLOR B,2022,SPRING,3542,54,55,31,19,6,1,0,0,26,0,2.8
CSCE,121,WELCH J,2012,FALL,200,11,2,0,0,0,0,0,0,1,0,3.846
CSCE,121,WELCH J,2013,FALL,200,14,2,0,0,0,0,0,0,1,0,3.875
CSCE,121,WELCH J,2014,FALL,200,16,2,0,0,1,2,0,0,3,0,3.684
CSCE,121,WELCH J,2015,FALL,200,17,4,2,0,0,0,0,0,2,0,3.652
CSCE,121,WELCH J,2016,FALL,200,20,4,1,0,0,0,0,0,0,0,3.76
CSCE,121,WELCH J,2017,FALL,200,22,0,2,0,0,1,0,0,2,0,3.833
CSCE,121,ZHANG Y,2020,SPRING,2042,27,25,10,6,10,0,0,0,0,0,2.679
CSCE,181,CHOE Y,2012,SPRING,900,80,0,0,0,16,0,0,0,5,0,3.333
CSCE,181,DEWITTE P,2024,SPRING,599,196,11,1,0,2,0,0,0,2,0,3.9
CSCE,181,IOERGER T,2013,FALL,500,115,12,0,0,1,1,0,0,1,0,3.875
CSCE,181,IOERGER T,2014,SPRING,500,100,8,3,0,2,0,0,0,2,0,3.805
CSCE,181,KEYSER J,2019,FALL,500,231,1,5,0,1,0,0,0,0,0,3.937
CSCE,181,KEYSER J,2020,FALL,500,346,11,4,0,5,0,0,0,3,0,3.893
CSCE,181,KEYSER J,2020,SPRING,500,130,3,2,1,0,0,0,0,0,0,3.926
CSCE,181,KEYSER J,2021,FALL,599,362,12,11,2,0,3,0,0,1,0,3.897
CSCE,181,KEYSER J,2021,SPRING,500,181,9,9,0,4,0,0,0,6,0,3.788
CSCE,181,KEYSER J,2022,SPRING,599,198,5,11,4,7,0,0,0,1,0,3.702
CSCE,181,MURPHY R,2013,SPRING,900,55,0,0,0,13,12,1,0,9,5,3.235
CSCE,181,SCHAEFER S,2014,FALL,500,151,3,1,0,0,0,0,0,0,0,3.968
CSCE,181,SCHAEFER S,2015,FALL,500,144,8,1,2,0,0,0,0,3,0,3.897
CSCE,181,SCHAEFER S,2015,SPRING,500,119,15,1,0,0,0,0,0,0,0,3.874
CSCE,181,SCHAEFER S,2016,SPRING,500,124,7,0,1,3,0,0,0,0,0,3.837
CSCE,181,SCHAEFER S,2017,FALL,500,130,3,0,0,0,0,1,0,0,0,3.977
CSCE,181,SCHAEFER S,2018,FALL,500,132,3,0,0,0,0,0,0,0,0,3.978
CSCE,181,SCHAEFER S,2018,SPRING,500,119,8,3,0,0,0,0,0,1,0,3.892
CSCE,181,SCHAEFER S,2019,SPRING,500,183,3,3,2,1,0,0,0,1,0,3.901
CSCE,181,STOLERU R,2012,FALL,900,110,0,0,0,21,0,0,0,1,0,3.359
CSCE,181,TYAGI A,2016,FALL,500,99,0,0,0,0,0,0,0,1,0,4.0
CSCE,181,TYAGI A,2017,SPRING,500,94,1,0,0,1,0,0,0,0,0,3.948
CSCE,181,TYAGI A,2022,FALL,599,425,1,0,0,0,0,0,0,1,0,3.998
CSCE,181,TYAGI A,2023,FALL,599,416,1,2,0,0,0,0,0,1,0,3.988
CSCE,181,TYAGI A,2023,SPRING,599,286,2,0,0,1,0,0,0,0,0,3.979
CSCE,201,RITCHEY P,2021,SUMMER,700,8,1,0,0,0,0,0,0,0,0,3.889
CSCE,206,CHAMON C,2022,FALL,1503,52,4,2,0,4,0,0,0,1,0,3.613
CSCE,206,CHAMON C,2023,FALL,1503,50,2,0,0,3,0,0,0,0,0,3.745
CSCE,206,CHAMON C,2023,SPRING,1503,67,2,0,0,0,0,0,0,0,0,3.971
CSCE,206,CHAMON C,2024,SPRING,1503,48,8,3,2,1,1,0,0,0,0,3.613
CSCE,206,HURLEY J,2012,FALL,1506,34,46,21,4,5,0,0,0,6,0,2.909
CSCE,206,HURLEY J,2012,SPRING,2540,30,54,26,2,2,0,0,0,3,0,2.947
CSCE,206,HURLEY J,2012,SUMMER,603,12,18,4,0,1,1,0,0,1,0,3.143
CSCE,206,HURLEY J,2013,FALL,3021,70,97,48,10,2,0,1,0,14,0,2.982
CSCE,206,HURLEY J,2013,SPRING,3021,42,73,46,12,14,0,0,0,11,0,2.626
CSCE,206,HURLEY J,2013,SUMMER,603,7,14,3,0,1,0,0,0,0,0,3.04
CSCE,206,HURLEY J,2014,FALL,3021,67,87,28,6,3,0,0,0,5,0,3.094
CSCE,206,HURLEY J,2014,SPRING,3021,70,77,32,6,1,0,0,0,5,0,3.124
CSCE,206,HURLEY J,2014,SUMMER,603,11,7,8,0,2,0,0,0,3,0,2.893
CSCE,206,HURLEY J,2015,FALL,4036,74,85,37,4,5,0,0,0,6,0,3.068
CSCE,206,HURLEY J,2015,SPRING,3021,52,44,23,6,6,1,2,0,6,0,2.992
CSCE,206,HURLEY J,2015,SUMMER,302,11,8,5,0,0,0,0,0,0,0,3.25
CSCE,206,HURLEY J,2016,FALL,1009,37,27,9,3,3,0,0,0,3,0,3.165
CSCE,206,HURLEY J,2016,SPRING,3021,39,49,23,7,1,0,1,0,7,0,2.992
CSCE,206,HURLEY J,2016,SUMMER,301,10,4,5,1,1,0,0,0,0,0,3.0
CSCE,206,RAJANNA V,2016,FALL,1015,15,19,5,0,4,0,0,0,2,0,2.953
CSCE,206,RAJANNA V,2017,SPRING,1003,19,34,9,4,2,0,0,0,3,0,2.941
CSCE,206,SONG D,2012,FALL,1515,21,52,27,6,5,0,0,0,7,0,2.703
CSCE,206,TAYLOR B,2021,FALL,1506,37,12,5,3,3,0,0,0,4,0,3.283
CSCE,206,YUM K,2012,SPRING,2515,15,40,28,6,10,0,0,0,2,0,2.444
CSCE,206,YUM K,2017,FALL,2010,48,59,25,3,3,0,0,0,6,0,3.058
CSCE,206,YUM K,2017,SPRING,503,12,17,4,0,1,0,0,0,1,0,3.147
CSCE,206,YUM K,2018,FALL,2010,45,73,22,2,2,0,0,0,7,0,3.09
CSCE,206,YUM K,2018,SPRING,1003,25,37,12,6,1,0,0,0,2,0,2.975
CSCE,206,YUM K,2018,SUMMER,200,8,9,1,0,0,0,0,0,0,0,3.389
CSCE,206,YUM K,2019,FALL,2012,17,48,21,3,4,0,0,0,1,0,2.763
CSCE,206,YUM K,2019,SPRING,1003,22,41,21,4,5,0,0,0,4,0,2.763
CSCE,206,YUM K,2020,FALL,502,14,22,19,5,1,0,0,0,0,0,2.705
CSCE,206,YUM K,2020,SPRING,1003,19,22,14,2,1,0,0,0,0,0,2.966
CSCE,206,YUM K,2021,SPRING,1003,14,30,10,2,2,0,0,0,10,0,2.897
CSCE,206,YUM K,2022,SPRING,2006,5,17,12,0,4,0,0,0,4,0,2.5
CSCE,221,AMATO N,2012,SPRING,200,19,0,0,0,0,0,0,0,0,0,4.0
CSCE,221,AMATO N,2013,SPRING,200,14,1,1,0,0,0,0,0,1,0,3.812
CSCE,221,AMATO N,2014,SPRING,200,18,1,0,0,0,0,0,0,0,0,3.947
CSCE,221,AMATO N,2016,SPRING,200,22,4,1,0,0,0,0,0,0,0,3.778
CSCE,221,BADAVATH A,2024,SPRING,2570,34,23,3,1,0,0,0,0,5,0,3.475
CSCE,221,CHAWLA H,2022,SPRING,2074,37,36,3,0,0,0,0,0,3,0,3.447
CSCE,221,DENNY J,2015,FALL,1524,23,23,8,2,2,0,0,0,6,0,3.086
CSCE,221,DUYSAK A,2023,SPRING,551,8,2,0,0,0,0,0,0,0,0,3.8
CSCE,221,GHOSH M,2016,SPRING,1542,20,20,6,1,2,0,0,0,2,0,3.122
CSCE,221,GOKTAS U,2023,FALL,550,2,2,1,0,0,0,0,0,1,0,3.2
CSCE,221,GOKTAS U,2024,SPRING,551,6,6,3,0,0,0,0,0,0,0,3.2
CSCE,221,HOUNGNINOU D,2022,SPRING,1533,37,31,12,0,2,0,0,0,12,0,3.232
CSCE,221,HUANG Q,2023,SPRING,4108,121,60,8,1,0,0,0,0,1,0,3.584
CSCE,221,KUHNLE A,2024,SPRING,200,9,13,2,0,0,0,0,0,0,0,3.292
CSCE,221,LEYK T,2012,FALL,3021,52,34,21,8,2,2,0,0,9,0,3.077
CSCE,221,LEYK T,2012,SPRING,4036,51,53,20,16,6,0,0,0,8,0,2.87
CSCE,221,LEYK T,2012,SUMMER,100,15,5,2,0,0,0,0,0,0,0,3.591
CSCE,221,LEYK T,2013,FALL,3021,39,38,10,12,1,0,0,0,16,0,3.02
CSCE,221,LEYK T,2013,SPRING,5055,64,57,30,13,4,1,0,0,15,0,2.976
CSCE,221,LEYK T,2014,FALL,3021,55,45,18,17,4,0,0,0,13,0,2.935
CSCE,221,LEYK T,2014,SPRING,3021,70,46,21,6,1,0,0,0,21,0,3.236
CSCE,221,LEYK T,2014,SUMMER,200,13,7,5,0,0,2,0,0,0,0,3.32
CSCE,221,LEYK T,2015,FALL,3021,34,57,21,7,1,0,0,0,18,0,2.967
CSCE,221,LEYK T,2015,SPRING,4052,59,60,31,6,2,0,0,0,24,0,3.063
CSCE,221,LEYK T,2015,SUMMER,401,17,15,9,4,1,1,0,0,1,0,2.935
CSCE,221,LEYK T,2016,FALL,4545,62,67,40,15,2,0,0,0,24,0,2.925
CSCE,221,LEYK T,2016,SPRING,6078,77,67,26,14,3,2,0,0,37,0,3.075
CSCE,221,LEYK T,2016,SUMMER,201,22,13,2,1,0,2,0,0,2,0,3.474
CSCE,221,LEYK T,2017,FALL,3029,58,42,13,7,0,0,0,0,8,0,3.258
CSCE,221,LEYK T,2017,SPRING,5075,73,93,33,7,3,0,0,0,17,0,3.081
CSCE,221,LEYK T,2017,SUMMER,403,18,17,12,0,0,0,0,0,1,0,3.128
CSCE,221,LEYK T,2018,SPRING,5574,111,57,26,5,0,0,0,0,10,0,3.377
CSCE,221,LEYK T,2018,SUMMER,403,18,14,4,3,0,0,0,0,1,0,3.205
CSCE,221,LEYK T,2019,SPRING,6096,112,112,37,6,0,0,0,0,14,0,3.236
CSCE,221,LEYK T,2019,SUMMER,201,9,7,2,0,0,0,0,0,0,0,3.389
CSCE,221,LEYK T,2020,FALL,6078,102,101,32,5,0,0,0,0,10,0,3.25
CSCE,221,LEYK T,2020,SPRING,6078,123,102,29,3,1,0,0,0,5,0,3.329
CSCE,221,LEYK T,2020,SUMMER,199,24,30,11,3,1,0,0,0,8,0,3.058
CSCE,221,LEYK T,2021,FALL,5055,75,113,56,7,2,0,0,0,22,0,2.996
CSCE,221,LEYK T,2021,SPRING,6174,102,100,41,3,1,0,0,0,25,0,3.211
CSCE,221,LEYK T,2021,SUMMER,700,22,33,9,5,0,0,0,0,6,0,3.043
CSCE,221,LEYK T,2022,FALL,5045,105,98,27,2,1,0,0,0,14,0,3.305
CSCE,221,LEYK T,2022,SPRING,4543,91,84,22,5,1,0,0,0,8,0,3.276
CSCE,221,LEYK T,2022,SUMMER,700,13,13,7,1,0,0,0,0,6,0,3.118
CSCE,221,LEYK T,2023,FALL,5045,111,66,41,1,1,0,0,0,14,0,3.295
CSCE,221,LEYK T,2023,SPRING,5045,132,103,36,4,0,0,0,0,5,0,3.32
CSCE,221,LEYK T,2023,SUMMER,700,8,21,12,2,0,0,0,0,1,0,2.814
CSCE,221,LEYK T,2024,SPRING,6066,120,109,35,2,0,0,0,0,12,0,3.305
CSCE,221,LUPOLI S,2019,FALL,2010,19,29,15,0,2,0,0,0,11,0,2.969
CSCE,221,LUPOLI S,2019,SPRING,2052,35,30,6,2,4,0,0,0,3,0,3.169
CSCE,221,LUPOLI S,2019,SUMMER,700,3,4,3,1,1,0,0,0,3,0,2.583
CSCE,221,LUPOLI S,2020,FALL,1027,10,10,6,0,4,0,0,0,7,0,2.733
CSCE,221,LUPOLI S,2020,SPRING,1554,39,31,12,3,1,1,0,0,0,0,3.209
CSCE,221,LUPOLI S,2021,FALL,599,44,16,6,4,3,1,0,0,10,0,3.288
CSCE,221,MAHMOUDI AZNAVEH M,2020,SPRING,1542,41,28,12,2,2,0,0,0,0,0,3.224
CSCE,221,MCGUIRE T,2019,SPRING,2062,28,40,12,1,0,0,0,0,5,0,3.173
CSCE,221,MOORE J,2015,SPRING,2026,24,31,12,3,7,0,0,0,5,0,2.805
CSCE,221,NAKAMURA E,2017,FALL,2042,42,24,1,2,4,0,0,0,5,0,3.342
CSCE,221,NAKAMURA E,2018,FALL,2023,87,18,8,6,3,1,0,0,6,0,3.475
CSCE,221,NAKAMURA E,2018,SPRING,2058,46,25,13,4,5,0,0,0,3,0,3.108
CSCE,221,PEARCE R,2022,SPRING,200,25,0,1,0,0,0,0,0,1,0,3.923
CSCE,221,PEARCE R,2023,SPRING,200,27,1,1,0,0,0,0,0,1,0,3.897
CSCE,221,PEARCE R,2024,SPRING,201,29,1,0,0,0,0,0,0,0,0,3.967
CSCE,221,POLSLEY S,2022,SPRING,2058,49,22,6,2,0,0,0,0,4,0,3.494
CSCE,221,RITCHEY P,2021,SPRING,4238,45,50,29,19,7,0,0,0,26,0,2.713
CSCE,221,RITCHEY P,2022,FALL,2046,23,21,11,3,9,0,0,0,17,0,2.687
CSCE,221,SCHAEFER S,2013,SUMMER,100,7,7,5,4,1,0,1,0,0,0,2.625
CSCE,221,SCHAEFER S,2015,SPRING,200,18,3,0,1,0,1,0,0,0,0,3.727
CSCE,221,SCHAEFER S,2017,SPRING,200,22,3,0,0,0,0,0,0,0,0,3.88
CSCE,221,SCHAEFER S,2018,FALL,201,24,6,0,0,0,0,0,0,0,0,3.8
CSCE,221,SUEDA S,2023,FALL,2046,45,28,12,3,1,0,0,0,3,0,3.27
CSCE,221,TYAGI A,2018,FALL,1012,55,13,10,1,0,0,0,0,3,0,3.544
CSCE,221,TYAGI A,2018,SPRING,200,28,2,0,0,0,0,0,0,0,0,3.933
CSCE,221,TYAGI A,2019,FALL,4068,135,35,7,2,6,0,0,0,6,0,3.573
CSCE,221,TYAGI A,2024,SPRING,3579,178,11,4,0,0,0,0,0,6,0,3.902
CSCE,221,WELCH J,2019,FALL,201,16,1,1,0,0,0,0,0,4,0,3.833
CSCE,221,WELCH J,2020,FALL,201,23,3,0,0,0,0,0,0,2,0,3.885
CSCE,221,WELCH J,2021,SPRING,200,23,7,0,0,0,0,0,0,0,0,3.767
CSCE,222,BUDIMLIC Z,2022,FALL,551,4,5,3,0,0,0,0,0,1,0,3.083
CSCE,222,BUDIMLIC Z,2023,FALL,551,8,8,2,0,0,0,0,0,0,0,3.333
CSCE,222,BUDIMLIC Z,2023,SPRING,551,3,3,1,2,1,0,0,0,0,0,2.5
CSCE,222,BUDIMLIC Z,2024,SPRING,551,5,2,4,0,0,0,0,0,1,0,3.091
CSCE,222,CARLISLE M,2019,FALL,1008,37,30,20,5,4,0,0,0,5,0,2.948
CSCE,222,CARLISLE M,2020,FALL,700,61,36,17,1,1,0,0,0,0,0,3.336
CSCE,222,CARLISLE M,2020,SPRING,1005,51,92,38,4,3,0,0,0,1,0,2.979
CSCE,222,CARLISLE M,2021,SPRING,504,33,28,15,3,2,0,0,0,8,0,3.074
CSCE,222,CARLISLE M,2022,FALL,1003,121,55,12,2,1,0,0,0,7,0,3.534
CSCE,222,CARLISLE M,2022,SPRING,1003,69,82,29,3,2,0,0,0,7,0,3.151
CSCE,222,CARLISLE M,2023,FALL,200,27,3,0,0,0,0,0,0,0,0,3.9
CSCE,222,CARLISLE M,2023,SPRING,700,68,15,9,3,1,0,0,0,1,0,3.521
CSCE,222,DAVIS T,2014,FALL,500,17,34,18,15,5,2,0,0,6,0,2.483
CSCE,222,GHOSH M,2018,FALL,505,29,42,17,4,0,0,0,0,6,0,3.043
CSCE,222,HAMMOND T,2014,SPRING,502,17,26,8,2,2,0,0,0,4,0,2.982
CSCE,222,HOUNGNINOU D,2018,FALL,1001,83,68,22,6,7,0,0,0,4,0,3.151
CSCE,222,HOUNGNINOU D,2019,FALL,505,55,29,5,0,1,0,0,0,0,0,3.522
CSCE,222,HOUNGNINOU D,2021,FALL,1007,85,76,13,9,3,1,0,0,10,0,3.242
CSCE,222,HOUNGNINOU D,2021,SPRING,1506,130,90,35,2,11,0,0,0,19,0,3.216
CSCE,222,HUANG Q,2022,FALL,500,51,26,14,1,0,0,0,0,2,0,3.38
CSCE,222,HUANG Q,2022,SPRING,599,36,33,7,2,0,0,0,0,4,0,3.321
CSCE,222,HUANG Q,2023,FALL,1001,152,41,3,2,1,0,0,0,1,0,3.714
CSCE,222,HUANG Q,2024,SPRING,504,29,23,5,0,0,0,0,0,2,0,3.421
CSCE,222,JIANG A,2016,FALL,502,49,41,0,0,0,5,0,0,3,0,3.544
CSCE,222,KLAPPENECKER A,2012,SPRING,501,13,17,9,3,2,0,0,0,9,0,2.818
CSCE,222,KLAPPENECKER A,2018,SUMMER,700,9,18,19,10,1,0,0,0,6,0,2.421
CSCE,222,KLAPPENECKER A,2019,SUMMER,701,5,11,9,2,0,1,0,0,4,0,2.704
CSCE,222,KLAPPENECKER A,2020,SUMMER,199,31,27,7,2,3,0,0,0,9,0,3.157
CSCE,222,KLAPPENECKER A,2023,SUMMER,700,19,14,3,1,1,0,0,0,2,0,3.289
CSCE,222,KOLODZIEJ S,2017,FALL,502,39,23,11,2,2,0,0,0,0,0,3.234
CSCE,222,KUHNLE A,2022,FALL,200,7,9,5,1,1,0,0,0,2,0,2.87
CSCE,222,KUMAR S,2023,SPRING,1506,106,125,23,10,3,0,0,0,25,0,3.202
CSCE,222,KUMAR S,2024,SPRING,1506,70,101,40,5,3,0,0,0,24,0,3.05
CSCE,222,LEE H,2012,SPRING,502,20,26,24,14,16,0,0,0,21,0,2.2
CSCE,222,LEE H,2012,SUMMER,100,9,9,5,1,0,0,0,0,1,0,3.083
CSCE,222,LEE H,2013,FALL,500,34,39,20,7,2,0,0,0,16,0,2.941
CSCE,222,LEE H,2013,SPRING,501,24,14,18,10,11,0,0,0,11,0,2.39
CSCE,222,LEE H,2014,FALL,501,13,24,11,1,0,0,0,0,11,0,3.0
CSCE,222,LEE H,2014,SPRING,501,46,28,18,7,5,0,0,0,14,0,2.99
CSCE,222,LEE H,2015,SPRING,1003,27,73,44,7,4,0,0,0,30,0,2.723
CSCE,222,LEE H,2016,FALL,501,32,39,9,4,2,0,0,0,8,0,3.105
CSCE,222,LEE H,2016,SPRING,1003,34,62,30,4,2,0,0,0,45,0,2.924
CSCE,222,LEE H,2016,SUMMER,700,10,13,12,4,2,0,0,0,2,0,2.61
CSCE,222,LEE H,2017,SPRING,1005,33,46,22,12,7,0,0,0,26,1,2.717
CSCE,222,LEE H,2017,SUMMER,700,9,12,18,6,1,0,0,0,5,0,2.478
CSCE,222,LEE H,2018,FALL,1007,49,75,36,4,2,0,0,0,26,0,2.994
CSCE,222,LEE H,2018,SPRING,503,32,31,12,4,0,0,0,0,10,0,3.152
CSCE,222,LEE H,2019,FALL,1007,65,54,29,4,4,0,0,0,21,0,3.103
CSCE,222,LEE H,2019,SPRING,501,23,29,16,5,2,0,0,0,14,0,2.88
CSCE,222,LEE H,2020,FALL,1009,57,61,31,7,4,0,0,0,24,0,3.0
CSCE,222,LEE H,2021,FALL,1508,41,64,50,9,2,2,0,0,56,0,2.801
CSCE,222,LEE H,2021,SUMMER,700,5,19,16,2,1,0,0,0,9,0,2.581
CSCE,222,LEE H,2022,FALL,1794,139,56,19,7,4,1,0,0,32,0,3.418
CSCE,222,LEE H,2022,SUMMER,700,19,17,0,1,0,0,0,0,4,0,3.459
CSCE,222,LEE H,2023,FALL,1791,148,64,24,6,3,1,0,0,46,0,3.42
CSCE,222,LEYK T,2012,FALL,500,47,36,27,9,0,1,0,0,7,0,3.017
CSCE,222,LEYK T,2013,SUMMER,100,12,8,4,0,0,0,0,0,0,0,3.333
CSCE,222,LEYK T,2015,FALL,502,21,29,24,1,0,0,0,0,15,0,2.933
CSCE,222,LEYK T,2017,FALL,500,31,38,16,0,0,0,0,0,7,0,3.176
CSCE,222,LEYK T,2019,FALL,501,19,27,21,0,1,0,0,0,4,0,2.926
CSCE,222,LUPOLI S,2023,FALL,599,76,10,3,0,0,0,0,0,3,0,3.82
CSCE,222,MCGUIRE T,2019,FALL,500,11,17,10,1,0,0,0,0,5,0,2.974
CSCE,222,MCGUIRE T,2019,SPRING,502,20,24,23,5,5,0,0,0,9,0,2.636
CSCE,222,MCGUIRE T,2020,FALL,1005,83,49,20,8,4,0,0,0,3,0,3.213
CSCE,222,MOORE J,2014,FALL,502,12,15,12,0,3,0,0,0,3,0,2.786
CSCE,222,RITCHEY P,2015,FALL,505,10,24,24,8,2,0,0,0,22,0,2.471
CSCE,222,RITCHEY P,2015,SPRING,503,14,21,23,8,4,0,0,0,22,0,2.471
CSCE,222,RITCHEY P,2016,FALL,503,5,15,17,8,6,0,0,0,33,0,2.098
CSCE,222,RITCHEY P,2017,FALL,1004,18,27,35,7,10,0,0,0,55,0,2.371
CSCE,222,RITCHEY P,2018,SPRING,1003,20,25,39,13,14,7,0,0,18,0,2.216
CSCE,222,RITCHEY P,2019,SPRING,503,11,30,3,6,5,0,0,0,7,0,2.655
CSCE,222,SARIN V,2014,SUMMER,100,6,13,7,1,1,0,0,0,0,0,2.786
CSCE,222,SARIN V,2015,SUMMER,100,9,16,13,2,0,0,0,0,1,0,2.8
CSCE,222,SARIN V,2018,FALL,702,45,44,7,0,0,0,0,0,2,0,3.396
CSCE,222,SZE S,2012,FALL,200,9,1,0,0,0,0,0,0,0,0,3.9
CSCE,222,SZE S,2013,FALL,200,16,2,0,0,0,0,0,0,0,0,3.889
CSCE,222,SZE S,2013,SPRING,502,20,25,7,1,1,0,0,0,1,0,3.148
CSCE,222,SZE S,2014,FALL,200,23,2,0,0,0,0,0,0,0,0,3.92
CSCE,222,SZE S,2016,FALL,200,20,3,0,0,0,0,0,0,0,0,3.87
CSCE,222,SZE S,2016,SPRING,703,46,34,13,2,6,1,0,0,3,0,3.109
CSCE,222,SZE S,2017,FALL,200,19,7,0,1,0,0,0,0,0,0,3.63
CSCE,222,SZE S,2017,SPRING,704,57,25,4,0,3,0,0,0,0,0,3.494
CSCE,222,SZE S,2019,SPRING,201,23,4,0,0,0,0,0,0,1,0,3.852
CSCE,222,SZE S,2020,FALL,501,53,39,2,0,0,0,0,0,2,0,3.543
CSCE,222,SZE S,2020,SPRING,702,67,25,3,2,0,1,0,0,1,0,3.619
CSCE,222,SZE S,2021,FALL,500,49,44,4,0,0,0,0,0,2,0,3.464
CSCE,222,SZE S,2022,SPRING,706,62,26,4,0,0,0,0,0,6,0,3.63
CSCE,222,SZE S,2024,SPRING,500,67,27,3,0,0,0,0,0,2,0,3.66
CSCE,222,TALMAGE E,2017,FALL,504,11,22,24,7,0,0,0,0,24,0,2.578
CSCE,222,WARD R,2015,FALL,509,21,31,12,3,6,1,0,0,17,0,2.795
CSCE,222,WELCH J,2015,SPRING,200,11,4,0,1,0,0,0,0,2,0,3.562
CSCE,222,WELCH J,2019,FALL,200,23,2,1,0,0,0,0,0,4,0,3.846
CSCE,222,WELCH J,2021,FALL,200,24,4,0,0,0,0,0,0,1,0,3.857
CSCE,310,CHEN J,2017,SUMMER,200,13,20,3,0,2,0,0,0,1,0,3.105
CSCE,310,HAWLEY D,2024,SPRING,550,4,4,1,1,0,0,0,0,0,0,3.1
CSCE,310,JIANG A,2013,SPRING,500,49,11,0,0,2,0,0,0,1,0,3.694
CSCE,310,JIANG A,2014,SPRING,500,38,37,4,0,0,0,0,0,0,0,3.43
CSCE,310,JIANG A,2015,SUMMER,200,37,23,0,0,0,1,0,0,0,0,3.617
CSCE,310,JIANG A,2016,SUMMER,200,43,15,0,0,0,1,0,0,0,0,3.741
CSCE,310,JIANG A,2018,SUMMER,200,21,7,0,0,0,1,0,0,0,0,3.75
CSCE,310,LANCLOS C,2022,FALL,500,76,19,2,0,0,0,0,0,2,0,3.763
CSCE,310,LANCLOS C,2022,SPRING,500,80,19,0,0,0,0,0,0,1,0,3.808
CSCE,310,LANCLOS C,2023,FALL,500,82,10,2,0,0,0,0,0,1,0,3.851
CSCE,310,LANCLOS C,2023,SPRING,500,67,26,5,0,0,0,0,0,1,0,3.633
CSCE,310,MCGUIRE T,2020,FALL,500,40,14,4,1,1,0,0,0,0,0,3.517
CSCE,310,MCGUIRE T,2021,FALL,500,83,13,1,0,0,0,0,0,0,0,3.845
CSCE,310,NGUYEN T,2024,SPRING,500,88,4,5,0,0,0,0,0,2,0,3.856
CSCE,310,WADE P,2021,SUMMER,700,15,6,0,0,0,0,0,0,0,0,3.714
CSCE,310,WADE P,2022,SUMMER,700,35,20,3,0,0,0,0,0,2,0,3.552
CSCE,310,WADE P,2023,SUMMER,700,23,8,1,0,0,0,0,0,2,0,3.688
CSCE,310,WARD R,2017,FALL,500,19,17,7,2,0,0,0,0,2,0,3.178
CSCE,310,WARD R,2017,SPRING,500,21,15,9,2,0,0,0,0,3,0,3.17
CSCE,310,WARD R,2018,SPRING,500,20,16,9,1,1,0,0,0,4,0,3.128
CSCE,310,WARD R,2019,SPRING,500,17,21,14,3,1,0,0,0,2,0,2.893
CSCE,310,WARD R,2020,SPRING,500,18,23,12,4,0,0,0,0,1,0,2.965
CSCE,312,DASS J,2018,FALL,1009,9,16,7,2,1,0,0,0,0,0,2.857
CSCE,312,DASS J,2020,FALL,2010,15,17,5,2,3,0,0,0,2,0,2.929
CSCE,312,DUYSAK A,2023,FALL,550,6,0,0,0,0,0,0,0,0,0,4.0
CSCE,312,DUYSAK A,2023,SPRING,551,10,3,0,0,0,0,0,0,0,0,3.769
CSCE,312,DUYSAK A,2024,SPRING,551,11,3,0,0,0,0,0,0,0,0,3.786
CSCE,312,HAMMOND T,2014,SUMMER,100,11,5,1,0,0,1,0,0,0,0,3.588
CSCE,312,HOUNGNINOU D,2020,SPRING,2038,37,37,13,3,3,0,0,0,0,0,3.097
CSCE,312,HOUNGNINOU D,2021,FALL,2022,41,32,13,1,4,1,0,0,3,0,3.154
CSCE,312,JIMENEZ D,2017,SPRING,1003,11,21,13,5,2,0,0,0,2,0,2.654
CSCE,312,JIMENEZ D,2018,SPRING,1003,13,27,6,1,4,0,0,0,4,0,2.863
CSCE,312,JIMENEZ D,2021,FALL,1506,57,5,5,2,2,0,0,0,2,0,3.592
CSCE,312,JIMENEZ D,2022,SPRING,4060,88,46,10,4,1,0,0,0,0,0,3.45
CSCE,312,JIMENEZ D,2023,FALL,1512,38,19,14,0,2,0,0,0,2,0,3.247
CSCE,312,JIMENEZ D,2024,SPRING,2038,80,12,2,0,0,0,0,0,0,0,3.83
CSCE,312,KIM E,2014,SPRING,1003,19,9,9,2,0,0,0,0,4,0,3.154
CSCE,312,KIM E,2015,FALL,200,14,7,0,0,0,0,0,0,1,0,3.667
CSCE,312,KIM E,2015,SPRING,1506,40,24,14,8,0,0,0,0,0,0,3.116
CSCE,312,KIM E,2016,FALL,200,15,4,1,0,0,0,0,0,0,0,3.7
CSCE,312,KIM E,2017,FALL,200,11,1,0,0,0,0,0,0,0,0,3.917
CSCE,312,KIM E,2018,FALL,200,10,4,0,0,0,0,0,0,0,0,3.714
CSCE,312,KIM E,2018,SPRING,1207,39,8,11,0,1,0,0,0,0,0,3.424
CSCE,312,KIM E,2018,SUMMER,200,16,6,4,1,2,0,0,0,0,0,3.138
CSCE,312,KIM E,2019,FALL,1211,23,22,8,0,1,0,0,0,1,0,3.222
CSCE,312,KIM E,2019,SPRING,2243,19,26,17,0,2,0,0,0,14,0,2.938
CSCE,312,KIM E,2020,SPRING,1214,25,23,11,1,1,2,0,0,2,0,3.148
CSCE,312,KIM E,2021,SPRING,1009,17,10,1,0,0,0,0,0,2,0,3.571
CSCE,312,KIM E,2022,FALL,1715,44,32,10,0,0,0,0,0,6,0,3.395
CSCE,312,KIM E,2022,SPRING,2207,47,20,12,0,2,0,0,0,4,0,3.358
CSCE,312,KIM E,2023,SPRING,2206,47,34,10,2,1,1,0,0,2,0,3.319
CSCE,312,KIM E,2024,SPRING,2418,97,22,2,1,1,0,0,0,2,0,3.732
CSCE,312,LEE H,2013,SPRING,1003,16,22,12,3,9,0,0,0,3,0,2.532
CSCE,312,MAHAPATRA R,2012,FALL,1506,23,35,14,1,6,0,0,0,2,0,2.861
CSCE,312,MAHAPATRA R,2012,SPRING,1506,13,22,12,3,3,0,0,0,2,0,2.736
CSCE,312,MAHAPATRA R,2013,FALL,1506,28,35,24,5,5,0,0,0,0,0,2.784
CSCE,312,MAHAPATRA R,2014,FALL,2010,26,42,26,8,7,0,0,0,2,0,2.661
CSCE,312,MAHAPATRA R,2015,FALL,1506,25,38,27,5,0,0,0,0,1,0,2.874
CSCE,312,MAHAPATRA R,2023,SPRING,2022,24,37,16,3,2,0,0,0,6,0,2.951
CSCE,312,MAHAPATRA R,2024,SPRING,2022,25,49,10,0,3,0,0,0,4,0,3.069
CSCE,312,MUZAHID A,2020,SPRING,1009,16,22,6,0,0,0,0,0,0,0,3.227
CSCE,312,MUZAHID A,2022,FALL,1503,25,19,11,1,4,0,0,0,7,0,3.0
CSCE,312,MUZAHID A,2024,SPRING,2054,41,23,2,1,0,0,0,0,1,0,3.552
CSCE,312,TYAGI A,2015,FALL,1009,23,13,6,0,1,0,0,0,0,0,3.326
CSCE,312,TYAGI A,2016,FALL,1515,38,39,13,2,0,5,0,0,1,0,3.228
CSCE,312,TYAGI A,2016,SPRING,1506,25,43,24,4,1,0,0,0,0,0,2.897
CSCE,312,TYAGI A,2016,SUMMER,301,11,11,5,0,1,1,0,0,1,0,3.107
CSCE,312,TYAGI A,2017,FALL,2012,25,39,28,2,3,1,0,0,3,0,2.835
CSCE,312,TYAGI A,2017,SUMMER,301,21,9,2,0,0,1,0,0,0,0,3.594
CSCE,312,TYAGI A,2018,FALL,1003,30,20,6,1,1,0,0,0,2,0,3.328
CSCE,312,TYAGI A,2018,SPRING,1719,49,20,11,7,3,1,0,0,9,0,3.167
CSCE,312,TYAGI A,2019,FALL,1506,59,13,13,2,0,1,0,0,0,0,3.483
CSCE,312,TYAGI A,2019,SPRING,3733,99,57,30,4,0,1,0,0,2,0,3.321
CSCE,312,TYAGI A,2019,SUMMER,701,9,8,7,1,0,1,0,0,1,0,3.0
CSCE,312,TYAGI A,2020,FALL,3579,67,28,12,0,1,1,0,0,2,0,3.481
CSCE,312,TYAGI A,2020,SPRING,2006,59,29,4,3,0,1,0,0,0,0,3.516
CSCE,312,TYAGI A,2020,SUMMER,299,39,11,4,1,0,1,0,0,2,0,3.6
CSCE,312,TYAGI A,2021,SPRING,6282,193,85,38,5,2,2,0,0,19,0,3.43
CSCE,312,TYAGI A,2021,SUMMER,401,21,15,7,2,3,1,0,0,1,0,3.021
CSCE,312,TYAGI A,2022,SPRING,2985,72,42,5,0,0,0,0,0,6,0,3.563
CSCE,312,TYAGI A,2022,SUMMER,797,15,11,5,3,1,0,0,0,0,0,3.029
CSCE,312,TYAGI A,2023,FALL,1703,78,15,1,0,0,0,0,0,1,0,3.819
CSCE,312,TYAGI A,2023,SPRING,3878,163,22,5,1,0,2,0,0,4,0,3.817
CSCE,312,TYAGI A,2023,SUMMER,700,19,14,2,4,1,1,0,0,1,0,3.15
CSCE,312,YUM K,2016,FALL,1506,18,15,6,3,4,0,0,0,2,0,2.87
CSCE,312,YUM K,2017,SPRING,1010,20,21,14,1,4,2,0,0,1,0,2.867
CSCE,313,AHMED S,2016,FALL,2515,43,63,27,5,7,1,0,0,5,0,2.897
CSCE,313,AHMED S,2017,SPRING,1506,13,25,10,3,2,0,0,0,2,0,2.83
CSCE,313,AHMED S,2018,FALL,4545,95,102,36,12,13,1,0,0,38,0,2.984
CSCE,313,AHMED S,2018,SPRING,3033,38,40,30,6,14,0,0,0,29,0,2.641
CSCE,313,AHMED S,2019,FALL,6078,155,63,27,3,15,0,0,0,23,0,3.293
CSCE,313,AHMED S,2019,SPRING,4044,34,58,50,4,19,0,0,0,27,0,2.509
CSCE,313,AHMED S,2019,SUMMER,700,5,5,3,0,7,0,0,0,2,0,2.05
CSCE,313,AHMED S,2020,FALL,6078,180,64,11,4,7,1,0,0,7,0,3.526
CSCE,313,AHMED S,2020,SPRING,4043,79,57,40,2,14,0,0,0,3,0,2.964
CSCE,313,AHMED S,2020,SUMMER,199,31,16,8,2,9,0,0,0,9,0,2.879
CSCE,313,AHMED S,2021,FALL,5927,138,49,10,1,13,1,0,0,15,0,3.412
CSCE,313,AHMED S,2021,SPRING,5568,81,68,24,4,13,1,0,0,29,0,3.053
CSCE,313,AHMED S,2021,SUMMER,700,14,12,11,5,2,0,0,0,1,0,2.705
CSCE,313,BETTATI R,2012,SUMMER,200,5,8,2,0,5,0,0,0,0,0,2.4
CSCE,313,BETTATI R,2013,SPRING,2010,23,44,22,11,12,0,0,0,13,0,2.491
CSCE,313,BETTATI R,2013,SUMMER,100,9,10,3,4,2,1,0,0,0,0,2.714
CSCE,313,BETTATI R,2014,SPRING,2010,26,41,11,10,15,0,0,0,19,0,2.515
CSCE,313,BETTATI R,2014,SUMMER,200,8,12,4,1,1,0,0,0,2,0,2.962
CSCE,313,BETTATI R,2015,FALL,1515,10,15,7,2,5,5,0,0,6,0,2.59
CSCE,313,BETTATI R,2015,SUMMER,100,7,8,8,1,0,0,0,0,5,0,2.875
CSCE,313,BETTATI R,2016,SPRING,1506,10,14,8,5,6,1,0,0,4,0,2.395
CSCE,313,BETTATI R,2016,SUMMER,200,7,7,7,1,2,0,0,0,2,0,2.667
CSCE,313,BETTATI R,2017,FALL,3021,36,79,43,8,13,3,0,0,15,0,2.654
CSCE,313,BETTATI R,2019,FALL,2058,19,31,18,1,9,0,0,0,14,0,2.641
CSCE,313,BETTATI R,2020,FALL,2058,19,29,10,2,6,9,0,0,8,0,2.803
CSCE,313,BETTATI R,2020,SPRING,200,8,5,0,0,0,0,0,0,2,0,3.615
CSCE,313,GU G,2012,FALL,2010,29,34,11,6,12,0,0,0,7,0,2.674
CSCE,313,GU G,2012,SPRING,1003,14,23,5,2,3,0,0,0,1,0,2.915
CSCE,313,GU G,2014,SPRING,200,12,3,0,0,1,0,0,0,0,0,3.562
CSCE,313,GU G,2015,SPRING,200,5,2,1,0,0,0,0,0,0,0,3.5
CSCE,313,GU G,2017,SPRING,200,17,6,0,0,0,0,0,0,2,0,3.739
CSCE,313,HASSANZADEH A,2013,FALL,2010,47,30,15,11,1,2,0,0,12,0,3.067
CSCE,313,HAWLEY D,2023,FALL,520,7,2,0,0,0,0,0,0,1,0,3.778
CSCE,313,HAWLEY D,2024,SPRING,550,5,2,1,0,0,0,0,0,0,0,3.5
CSCE,313,HOUNGNINOU D,2022,FALL,6066,154,57,21,8,13,0,0,0,21,0,3.308
CSCE,313,HOUNGNINOU D,2023,FALL,4028,157,22,5,0,1,0,0,0,5,0,3.805
CSCE,313,HOUNGNINOU D,2023,SPRING,5054,88,43,17,8,8,0,0,0,5,0,3.189
CSCE,313,HOUNGNINOU D,2023,SUMMER,1000,8,9,4,4,0,0,0,0,1,0,2.84
CSCE,313,HOUNGNINOU D,2024,SPRING,4028,126,26,12,3,4,0,0,0,8,0,3.561
CSCE,313,KUMAR S,2023,FALL,6162,112,138,13,1,2,0,0,0,11,0,3.342
CSCE,313,LOGUINOV D,2013,SPRING,200,5,2,0,0,0,0,0,0,1,0,3.714
CSCE,313,LOGUINOV D,2016,SPRING,200,4,2,0,0,0,0,0,0,1,0,3.667
CSCE,313,LOGUINOV D,2018,SPRING,200,13,3,0,0,1,0,0,0,5,0,3.588
CSCE,313,LOGUINOV D,2019,FALL,201,14,6,1,0,0,0,0,0,5,0,3.619
CSCE,313,LOGUINOV D,2019,SPRING,200,12,7,0,0,0,0,0,0,3,0,3.632
CSCE,313,LOGUINOV D,2020,FALL,201,13,3,5,0,0,0,0,0,3,0,3.381
CSCE,313,LOGUINOV D,2022,SPRING,200,14,2,0,0,0,0,0,0,2,0,3.875
CSCE,313,LOGUINOV D,2023,SPRING,200,9,2,0,0,1,0,0,0,4,0,3.5
CSCE,313,LOGUINOV D,2024,SPRING,200,9,2,4,0,0,1,0,0,3,0,3.333
CSCE,313,SONG D,2015,SPRING,1015,8,12,9,3,4,0,0,0,5,0,2.472
CSCE,313,STOLERU R,2016,SPRING,1518,18,32,19,1,2,0,0,0,4,0,2.875
CSCE,313,STOLERU R,2017,SUMMER,100,7,8,5,1,1,2,0,0,2,0,2.864
CSCE,313,TYAGI A,2014,FALL,2510,35,43,14,3,11,6,0,0,2,0,2.83
CSCE,313,TYAGI A,2015,FALL,1506,44,34,8,1,0,1,0,0,2,0,3.391
CSCE,313,TYAGI A,2015,SPRING,2010,62,21,4,0,0,1,0,0,0,0,3.667
CSCE,313,TYAGI A,2016,SPRING,1530,23,39,29,0,2,1,0,0,1,0,2.871
CSCE,313,TYAGI A,2017,SPRING,3039,46,52,30,4,0,2,0,0,4,0,3.061
CSCE,313,TYAGI A,2021,FALL,4753,157,28,10,2,4,0,0,0,21,0,3.652
CSCE,313,TYAGI A,2022,FALL,4964,141,26,16,1,2,0,0,0,4,0,3.629
CSCE,313,TYAGI A,2022,SPRING,5315,92,44,29,2,10,0,0,0,35,0,3.164
CSCE,313,TYAGI A,2022,SUMMER,701,20,11,2,4,4,0,0,0,2,0,2.951
CSCE,313,YUM K,2012,SPRING,1007,14,25,12,2,3,0,0,0,0,0,2.804
CSCE,314,ANDERSEN F,2017,FALL,599,7,5,10,0,3,0,0,0,3,0,2.52
CSCE,314,BUDIMLIC Z,2023,FALL,550,3,2,2,0,0,0,0,0,0,0,3.143
CSCE,314,BUDIMLIC Z,2023,SPRING,550,8,0,1,0,0,0,0,0,3,0,3.778
CSCE,314,BUDIMLIC Z,2024,SPRING,550,9,4,2,0,1,0,0,0,0,0,3.25
CSCE,314,DOS REIS G,2012,SPRING,500,57,9,3,1,0,0,0,0,0,0,3.743
CSCE,314,DOS REIS G,2013,SPRING,500,16,33,21,3,2,0,0,0,2,0,2.773
CSCE,314,DUTTA A,2016,FALL,704,44,36,13,1,0,2,0,0,4,0,3.309
CSCE,314,DUTTA A,2017,SUMMER,100,22,12,5,2,1,0,0,0,1,0,3.238
CSCE,314,DUTTA A,2018,SPRING,1001,44,78,28,7,1,0,0,0,1,0,2.994
CSCE,314,DUTTA A,2018,SUMMER,100,13,12,5,1,1,0,0,0,0,0,3.094
CSCE,314,JARVI J,2012,FALL,500,37,36,24,5,3,1,0,0,1,0,2.943
CSCE,314,JARVI J,2014,FALL,501,12,10,9,2,6,0,0,0,3,0,2.513
CSCE,314,JARVI J,2015,SPRING,500,27,35,25,5,5,0,0,0,1,0,2.763
CSCE,314,KEYSER J,2016,SPRING,500,8,18,16,8,6,0,0,0,8,0,2.25
CSCE,314,LEE H,2013,FALL,500,37,44,19,6,1,0,0,0,10,0,3.028
CSCE,314,LEE H,2014,FALL,500,24,46,23,5,0,0,0,0,4,0,2.908
CSCE,314,LEE H,2014,SPRING,500,13,29,18,3,3,0,0,0,0,0,2.697
CSCE,314,LEE H,2015,FALL,1003,32,86,52,10,4,0,0,0,10,0,2.717
CSCE,314,LEE H,2016,FALL,702,19,35,26,9,1,0,0,0,6,0,2.689
CSCE,314,LEE H,2017,FALL,1003,29,32,38,21,9,0,0,0,10,0,2.395
CSCE,314,LEE H,2018,SPRING,502,27,34,19,9,2,1,0,0,5,0,2.824
CSCE,314,LEE H,2019,SPRING,500,33,40,15,4,0,0,0,0,7,0,3.109
CSCE,314,LEE H,2020,SPRING,1001,87,56,21,5,0,0,0,0,1,0,3.331
CSCE,314,LEE H,2021,SPRING,1005,103,61,19,2,2,0,0,0,10,0,3.396
CSCE,314,LEE H,2022,SPRING,1503,66,103,50,2,1,0,0,0,23,0,3.041
CSCE,314,LEE H,2023,SPRING,1788,109,79,26,8,3,2,0,0,9,0,3.258
CSCE,314,LEE H,2023,SUMMER,700,15,18,7,1,2,0,0,0,0,0,3.0
CSCE,314,LEE H,2024,SPRING,1788,100,81,21,0,2,2,0,0,0,0,3.358
CSCE,314,LUPOLI S,2018,FALL,1003,44,63,27,1,4,0,0,0,0,0,3.022
CSCE,314,LUPOLI S,2019,FALL,1003,93,65,18,7,5,0,0,0,0,0,3.245
CSCE,314,LUPOLI S,2019,SPRING,1003,74,76,18,5,7,0,0,0,2,0,3.139
CSCE,314,LUPOLI S,2019,SUMMER,700,12,7,5,3,1,0,0,0,0,0,2.929
CSCE,314,LUPOLI S,2020,FALL,1003,162,19,5,0,0,0,0,0,1,0,3.844
CSCE,314,LUPOLI S,2020,SPRING,1005,177,12,3,3,2,0,0,0,0,0,3.822
CSCE,314,LUPOLI S,2020,SUMMER,399,31,24,6,0,0,0,0,0,0,0,3.41
CSCE,314,LUPOLI S,2021,FALL,599,68,18,7,2,0,2,0,0,2,0,3.6
CSCE,314,LUPOLI S,2021,SUMMER,700,56,24,5,0,0,0,0,0,0,0,3.6
CSCE,314,LUPOLI S,2022,FALL,1197,142,38,7,3,3,0,0,0,1,0,3.622
CSCE,314,LUPOLI S,2022,SPRING,1197,125,66,7,1,0,0,0,0,1,0,3.583
CSCE,314,LUPOLI S,2022,SUMMER,700,23,23,8,2,1,0,0,0,1,0,3.14
CSCE,314,LUPOLI S,2023,FALL,1197,172,18,3,2,0,0,0,0,2,0,3.846
CSCE,314,LUPOLI S,2023,SPRING,1197,160,19,1,0,0,0,0,0,0,0,3.883
CSCE,314,LUPOLI S,2024,SPRING,1197,155,23,1,0,0,0,0,0,0,0,3.86
CSCE,314,MAHMOOD M,2024,SPRING,501,39,10,2,0,1,0,0,0,1,0,3.654
CSCE,314,SHELL D,2016,SPRING,501,24,29,10,15,8,2,0,0,10,0,2.535
CSCE,314,SHELL D,2017,SPRING,1001,22,36,66,24,9,0,0,0,11,0,2.242
CSCE,314,SHELL D,2021,FALL,502,24,46,14,2,2,0,0,0,11,0,3.0
CSCE,314,SHELL D,2021,SPRING,1001,35,49,27,11,4,0,0,0,65,0,2.794
CSCE,315,AHMED S,2017,FALL,3021,83,51,19,4,0,0,0,0,2,0,3.357
CSCE,315,AHMED S,2017,SPRING,2530,61,43,14,1,0,2,0,0,4,0,3.378
CSCE,315,AHMED S,2019,SPRING,1003,24,4,0,0,0,0,0,0,0,15,3.857
CSCE,315,CHOE Y,2012,FALL,1506,64,10,3,1,3,1,0,0,0,0,3.617
CSCE,315,CHOE Y,2012,SUMMER,100,17,4,1,2,0,0,0,0,0,0,3.5
CSCE,315,CHOE Y,2013,FALL,1506,68,10,2,0,5,0,0,0,1,0,3.6
CSCE,315,CHOE Y,2014,FALL,1506,60,14,0,1,1,0,0,0,1,0,3.724
CSCE,315,CHOE Y,2014,SUMMER,100,16,4,1,0,0,0,0,0,0,0,3.714
CSCE,315,CHOE Y,2015,FALL,1506,70,21,1,1,1,0,0,0,3,0,3.681
CSCE,315,CHOE Y,2016,SPRING,716,31,3,0,0,1,0,0,0,1,0,3.8
CSCE,315,CHOE Y,2020,FALL,2742,68,10,0,1,2,0,0,0,1,0,3.741
CSCE,315,CHOE Y,2021,FALL,290,27,1,0,0,0,0,0,0,0,0,3.964
CSCE,315,DAUGHERITY W,2013,SUMMER,100,17,8,0,0,2,1,0,0,0,0,3.407
CSCE,315,DAUGHERITY W,2015,SPRING,1506,50,14,4,2,1,0,0,0,1,0,3.549
CSCE,315,DAUGHERITY W,2015,SUMMER,100,9,8,4,1,0,0,0,0,1,0,3.136
CSCE,315,DAUGHERITY W,2016,SUMMER,100,24,19,1,0,0,0,0,0,0,0,3.523
CSCE,315,DAUGHERITY W,2017,SUMMER,100,22,2,0,0,0,0,0,0,0,0,3.917
CSCE,315,DAUGHERITY W,2018,FALL,3021,139,38,6,2,2,0,0,0,3,0,3.658
CSCE,315,DAUGHERITY W,2018,SPRING,1015,35,14,7,3,0,0,0,0,1,0,3.373
CSCE,315,KERNE A,2014,SPRING,2010,62,39,5,1,0,1,0,0,4,0,3.514
CSCE,315,KERNE A,2016,FALL,1506,50,43,5,0,0,0,0,0,2,0,3.459
CSCE,315,KERNE A,2016,SPRING,1506,54,31,4,0,0,0,0,0,2,0,3.562
CSCE,315,KERNE A,2018,FALL,1216,43,6,1,0,0,0,0,0,2,0,3.84
CSCE,315,KEYSER J,2012,SPRING,1506,38,33,14,6,1,1,0,0,1,0,3.098
CSCE,315,KEYSER J,2013,SPRING,2010,34,45,16,9,2,1,0,0,5,0,2.943
CSCE,315,KEYSER J,2017,SPRING,1506,16,37,18,6,1,0,0,0,0,0,2.782
CSCE,315,LIGHTFOOT R,2019,FALL,3610,76,13,1,0,0,0,0,0,0,0,3.833
CSCE,315,LIGHTFOOT R,2019,SPRING,2023,35,32,7,2,0,0,0,0,1,0,3.316
CSCE,315,LIGHTFOOT R,2020,FALL,3610,82,5,1,0,0,0,0,0,1,0,3.92
CSCE,315,LIGHTFOOT R,2020,SPRING,7228,147,25,6,0,0,0,0,0,0,0,3.792
CSCE,315,LIGHTFOOT R,2021,SPRING,5415,131,16,4,0,0,0,0,0,2,0,3.841
CSCE,315,LIGHTFOOT R,2022,FALL,7260,123,30,8,0,0,0,0,0,0,0,3.714
CSCE,315,LIGHTFOOT R,2022,SPRING,7228,111,25,5,0,1,0,0,0,1,0,3.725
CSCE,315,LIGHTFOOT R,2023,SPRING,7228,71,33,14,3,4,0,0,0,3,0,3.312
CSCE,315,LIGHTFOOT R,2024,SPRING,2706,40,11,4,0,5,0,0,0,2,0,3.35
CSCE,315,LUPOLI S,2018,SPRING,2012,51,51,8,2,0,0,0,0,1,0,3.348
CSCE,315,MCGUIRE T,2019,FALL,3626,70,13,4,0,0,0,0,0,0,0,3.759
CSCE,315,MCGUIRE T,2020,SPRING,2727,49,6,0,0,1,0,0,0,0,0,3.821
CSCE,315,RITCHEY P,2015,SPRING,1515,39,19,5,2,2,0,0,0,2,0,3.358
CSCE,315,RITCHEY P,2023,FALL,8198,141,17,7,3,2,0,0,0,0,0,3.718
CSCE,315,TAELE P,2019,FALL,4555,88,8,2,0,1,0,0,0,2,0,3.838
CSCE,315,TAELE P,2021,FALL,7284,144,14,1,1,1,1,0,0,0,0,3.857
CSCE,315,TAELE P,2022,FALL,3654,55,3,3,0,0,0,0,0,3,0,3.852
CSCE,315,TAELE P,2023,FALL,4609,85,3,0,0,0,0,0,0,0,0,3.966
CSCE,315,THOMAS S,2020,FALL,7268,152,20,2,0,4,1,0,0,0,0,3.775
CSCE,315,THOMAS S,2021,FALL,5421,126,22,6,0,1,0,0,0,2,0,3.755
CSCE,315,THOMAS S,2021,SPRING,3691,65,13,2,0,0,0,0,0,1,0,3.788
CSCE,315,THOMAS S,2022,FALL,4647,78,7,1,0,0,0,0,0,2,0,3.895
CSCE,315,THOMAS S,2022,SPRING,4608,69,5,2,0,1,0,0,0,1,0,3.831
CSCE,315,WARD R,2016,SPRING,1515,42,33,1,0,0,0,0,0,2,0,3.539
CSCE,320,CAVERLEE J,2020,FALL,700,65,23,5,0,0,0,0,0,2,0,3.645
CSCE,320,CHEN S,2019,FALL,500,13,2,0,0,0,0,0,0,0,0,3.867
CSCE,320,GUTIERREZ,2023,FALL,500,37,8,4,0,1,0,0,0,4,0,3.6
CSCE,331,GOKTAS U,2023,FALL,550,9,0,0,0,0,0,0,0,0,0,4.0
CSCE,331,GOKTAS U,2024,SPRING,550,7,0,0,0,0,0,0,0,0,0,4.0
CSCE,331,RITCHEY P,2023,SPRING,4576,62,14,2,0,0,0,0,0,1,0,3.769
CSCE,331,RITCHEY P,2024,SPRING,7228,51,68,28,8,4,5,0,0,5,0,2.969
CSCE,331,TAELE P,2022,FALL,2715,52,0,0,0,1,0,0,0,1,0,3.925
CSCE,331,TAELE P,2023,FALL,4576,111,4,4,0,0,0,0,0,1,0,3.899
CSCE,350,DANG D,2017,SPRING,1003,10,14,3,0,0,0,0,0,2,0,3.259
CSCE,350,MAHAPATRA R,2012,SPRING,1003,9,9,7,0,2,1,0,0,0,0,2.852
CSCE,350,MAHAPATRA R,2013,SPRING,1003,12,9,5,1,6,0,0,0,0,0,2.606
CSCE,350,MAHAPATRA R,2014,SPRING,1003,11,8,13,1,3,0,0,0,2,0,2.639
CSCE,350,MAHAPATRA R,2015,SPRING,1005,7,15,3,0,0,0,0,0,0,0,3.16
CSCE,350,MAHAPATRA R,2016,SPRING,1005,11,15,8,0,2,0,0,0,4,0,2.917
CSCE,350,MUZAHID A,2021,SPRING,1503,16,23,16,4,5,1,0,0,9,0,2.641
CSCE,350,MUZAHID A,2022,SPRING,1005,8,12,9,3,2,0,0,0,1,0,2.618
CSCE,402,DEWITTE P,2019,FALL,500,18,14,2,0,2,0,0,0,3,0,3.278
CSCE,402,DEWITTE P,2020,FALL,500,51,2,1,0,4,0,0,0,3,0,3.655
CSCE,402,DEWITTE P,2020,SPRING,500,41,10,3,1,1,0,0,0,0,0,3.589
CSCE,402,DEWITTE P,2021,FALL,500,68,5,1,0,0,1,0,0,2,0,3.905
CSCE,402,DEWITTE P,2021,SPRING,500,86,2,0,0,0,0,0,0,3,0,3.977
CSCE,402,DEWITTE P,2022,FALL,500,51,3,0,0,0,0,0,0,1,0,3.944
CSCE,402,DEWITTE P,2022,SPRING,500,55,5,0,0,3,0,0,0,0,1,3.73
CSCE,402,DEWITTE P,2023,FALL,500,45,7,0,1,0,0,0,0,1,0,3.811
CSCE,402,DEWITTE P,2023,SPRING,500,54,6,0,0,0,0,0,0,0,0,3.9
CSCE,402,DEWITTE P,2024,SPRING,500,58,4,1,0,1,0,0,0,1,0,3.844
CSCE,410,BETTATI R,2012,FALL,500,12,13,2,4,3,0,0,0,8,0,2.794
CSCE,410,BETTATI R,2014,SPRING,500,4,8,7,2,1,0,0,0,1,3,2.545
CSCE,410,BETTATI R,2017,SPRING,500,17,20,12,5,3,0,0,0,1,0,2.754
CSCE,410,BETTATI R,2017,SUMMER,700,1,3,4,1,2,0,0,0,7,0,2.0
CSCE,410,BETTATI R,2018,SPRING,500,12,7,5,0,1,0,0,0,6,0,3.16
CSCE,410,BETTATI R,2018,SUMMER,700,6,3,0,1,3,0,0,0,0,0,2.615
CSCE,410,BETTATI R,2019,SPRING,500,17,11,6,2,0,0,0,0,14,0,3.194
CSCE,410,BETTATI R,2019,SUMMER,700,4,3,3,2,3,0,0,0,1,0,2.2
CSCE,410,BETTATI R,2020,SUMMER,399,12,8,3,0,5,0,0,0,4,0,2.786
CSCE,410,BETTATI R,2021,FALL,501,20,8,5,1,2,0,0,0,10,0,3.194
CSCE,410,BETTATI R,2021,SPRING,501,23,13,9,5,2,0,0,0,16,0,2.962
CSCE,410,BETTATI R,2022,FALL,599,3,8,3,1,0,0,0,0,7,0,2.867
CSCE,410,BETTATI R,2023,FALL,501,8,9,3,0,1,0,0,0,3,0,3.095
CSCE,410,BETTATI R,2023,SPRING,599,17,5,1,2,1,0,0,0,7,0,3.346
CSCE,410,BETTATI R,2024,SPRING,501,9,15,4,0,1,0,0,0,1,0,3.069
CSCE,410,DA SILVA D,2015,FALL,500,29,15,9,2,7,2,0,0,4,0,2.919
CSCE,410,DA SILVA D,2016,FALL,500,14,13,9,5,7,0,0,0,8,0,2.458
CSCE,410,DA SILVA D,2020,SPRING,700,65,15,6,1,2,2,0,0,0,0,3.573
CSCE,410,DA SILVA D,2021,FALL,500,52,16,11,1,1,2,0,0,3,0,3.444
CSCE,410,DA SILVA D,2021,SPRING,700,80,9,5,1,1,0,0,0,4,0,3.729
CSCE,410,HAMILTON J,2022,SPRING,1100,100,3,3,4,2,0,0,0,12,0,3.741
CSCE,410,HOUNGNINOU D,2023,FALL,500,15,21,9,2,3,0,0,0,1,0,2.86
CSCE,410,HOUNGNINOU D,2024,SPRING,500,45,33,8,3,1,0,0,0,3,0,3.311
CSCE,410,LEYK T,2014,FALL,500,16,22,7,1,0,0,0,0,2,0,3.152
CSCE,410,STOLERU R,2017,FALL,500,27,10,7,3,4,0,0,0,10,0,3.039
CSCE,410,TSAI C,2022,FALL,500,23,16,10,2,7,0,0,0,21,0,2.793
CSCE,410,TSAI C,2023,SPRING,500,20,22,2,1,0,0,0,0,8,0,3.356
CSCE,410,YUM K,2020,FALL,500,24,16,3,0,3,0,0,0,10,0,3.261
CSCE,411,BEIDEMAN C,2024,SPRING,502,32,36,13,0,0,0,0,0,6,0,3.235
CSCE,411,CHEN J,2021,SPRING,501,24,55,5,1,0,0,0,0,11,0,3.2
CSCE,411,CHUNG H,2014,SPRING,500,16,19,11,2,4,0,0,0,4,0,2.788
CSCE,411,DAVIS T,2018,SPRING,501,30,37,19,3,2,0,0,0,5,0,2.989
CSCE,411,DAVIS T,2022,SPRING,500,36,52,8,1,1,0,0,0,1,0,3.235
CSCE,411,DAVIS T,2023,FALL,500,57,35,4,0,0,0,0,0,2,0,3.552
CSCE,411,DAVIS T,2023,SPRING,500,30,30,22,0,0,0,0,0,2,0,3.098
CSCE,411,DAVIS T,2024,SPRING,500,24,33,20,4,0,0,0,0,8,1,2.951
CSCE,411,FRIESEN D,2013,SUMMER,100,7,5,3,1,2,0,0,0,0,1,2.778
CSCE,411,GARAY J,2020,SPRING,500,70,23,4,2,1,0,0,0,0,0,3.59
CSCE,411,GARAY J,2021,SPRING,500,69,26,2,2,0,0,0,0,1,0,3.636
CSCE,411,GARAY J,2022,SPRING,502,60,29,4,1,0,0,0,0,6,0,3.574
CSCE,411,HAWLEY D,2023,FALL,502,4,5,0,0,0,0,0,0,0,0,3.444
CSCE,411,HAWLEY D,2024,SPRING,550,4,3,0,0,0,0,0,0,0,0,3.571
CSCE,411,HUANG Q,2023,FALL,501,30,13,5,1,0,0,0,0,2,0,3.469
CSCE,411,JIANG A,2015,SPRING,500,30,19,2,0,2,1,0,0,2,0,3.415
CSCE,411,JIANG A,2016,SPRING,501,33,23,1,1,1,0,0,0,1,0,3.458
CSCE,411,JIANG A,2017,FALL,502,32,22,1,0,1,3,0,0,0,0,3.5
CSCE,411,JIANG A,2017,SUMMER,200,25,15,3,0,2,0,0,0,0,0,3.356
CSCE,411,JIANG A,2018,SUMMER,700,30,26,0,0,3,4,0,0,2,0,3.356
CSCE,411,JIANG A,2019,FALL,503,27,24,0,0,0,4,0,0,3,0,3.529
CSCE,411,JIANG A,2019,SPRING,501,30,26,0,0,0,3,0,0,1,0,3.536
CSCE,411,JIANG A,2019,SUMMER,700,20,13,0,0,1,5,0,0,1,0,3.5
CSCE,411,JIANG A,2020,FALL,502,51,38,0,0,0,0,0,0,2,0,3.573
CSCE,411,JIANG A,2020,SUMMER,299,37,33,1,0,2,0,0,0,2,0,3.411
CSCE,411,JIANG A,2021,FALL,502,49,46,0,0,0,0,0,0,4,0,3.516
CSCE,411,JIANG A,2022,FALL,500,51,44,1,0,0,1,0,0,2,0,3.521
CSCE,411,JIANG A,2022,SUMMER,700,17,13,1,0,2,0,0,0,1,0,3.303
CSCE,411,JIANG A,2023,SUMMER,700,23,18,0,0,2,0,0,0,2,0,3.395
CSCE,411,JIANG A,2024,SPRING,501,52,46,0,0,0,1,0,0,1,0,3.531
CSCE,411,KLAPPENECKER A,2012,FALL,500,19,22,7,6,2,0,0,0,3,0,2.893
CSCE,411,KLAPPENECKER A,2013,FALL,500,13,24,15,2,1,0,0,0,4,0,2.836
CSCE,411,KLAPPENECKER A,2014,SPRING,200,8,2,0,0,0,0,0,0,0,0,3.8
CSCE,411,KLAPPENECKER A,2015,FALL,502,16,15,19,4,2,0,0,0,4,0,2.696
CSCE,411,KLAPPENECKER A,2015,SPRING,200,9,2,1,0,0,0,0,0,1,0,3.667
CSCE,411,KLAPPENECKER A,2016,SPRING,200,12,1,0,0,0,0,0,0,1,0,3.923
CSCE,411,KLAPPENECKER A,2017,FALL,501,8,6,20,7,1,0,0,0,7,0,2.31
CSCE,411,KLAPPENECKER A,2017,SPRING,701,16,21,19,3,3,1,0,0,9,0,2.71
CSCE,411,KLAPPENECKER A,2018,FALL,502,8,8,12,8,5,0,0,0,14,0,2.146
CSCE,411,KLAPPENECKER A,2019,FALL,502,8,11,10,3,4,0,0,0,5,0,2.444
CSCE,411,KLAPPENECKER A,2019,SPRING,502,13,26,4,2,1,0,0,0,6,0,3.043
CSCE,411,KLAPPENECKER A,2020,FALL,501,15,34,10,5,3,0,0,0,1,0,2.791
CSCE,411,KLAPPENECKER A,2021,FALL,501,24,33,15,2,3,2,0,0,12,0,2.948
CSCE,411,KLAPPENECKER A,2021,SPRING,502,22,42,14,4,1,0,0,0,4,0,2.964
CSCE,411,KLAPPENECKER A,2022,FALL,501,30,30,11,0,1,0,0,0,12,0,3.222
CSCE,411,KLAPPENECKER A,2022,SPRING,503,15,14,13,0,1,0,0,0,8,0,2.977
CSCE,411,KLAPPENECKER A,2023,SPRING,503,11,16,7,3,0,0,0,0,1,0,2.946
CSCE,411,KLAPPENECKER A,2024,SPRING,503,12,8,1,1,0,0,0,0,2,0,3.409
CSCE,411,KUMAR S,2018,SPRING,500,38,17,2,0,0,0,0,0,2,0,3.632
CSCE,411,LEE S,2016,SPRING,500,7,23,11,4,2,1,0,0,2,0,2.617
CSCE,411,MOORE J,2014,FALL,501,9,8,8,2,5,0,0,0,5,0,2.438
CSCE,411,NIKOLOVA E,2013,SPRING,200,10,1,0,0,0,0,0,0,0,0,3.909
CSCE,411,SZE S,2015,FALL,501,32,21,4,1,0,0,0,0,1,0,3.448
CSCE,411,SZE S,2018,FALL,501,48,46,1,1,0,0,0,0,2,0,3.469
CSCE,411,SZE S,2019,FALL,501,26,24,4,0,0,0,0,0,2,0,3.407
CSCE,411,SZE S,2023,SPRING,502,46,48,1,0,0,0,0,0,1,0,3.474
CSCE,411,TALMAGE E,2016,FALL,502,7,12,25,7,1,0,0,0,6,0,2.327
CSCE,411,THOMAS S,2019,SPRING,500,19,23,8,2,4,0,0,0,0,0,2.911
CSCE,411,THOMAS S,2020,SPRING,501,58,25,12,3,0,0,0,0,1,0,3.408
CSCE,411,VELDT L,2022,SPRING,501,19,25,8,3,0,0,0,0,5,0,3.091
CSCE,411,VELDT L,2023,SPRING,501,36,34,14,5,2,0,0,0,5,0,3.066
CSCE,411,WELCH J,2012,SPRING,500,6,14,12,2,6,0,0,0,0,0,2.3
CSCE,411,WELCH J,2013,SPRING,500,18,20,13,1,5,0,0,0,2,0,2.789
CSCE,411,WELCH J,2014,FALL,500,14,19,11,6,2,0,0,0,8,0,2.712
CSCE,411,WELCH J,2016,FALL,200,12,13,0,0,0,0,0,0,1,0,3.48
CSCE,411,WILLIAMS T,2014,SUMMER,100,11,6,6,5,1,0,0,0,1,0,2.724
CSCE,411,WILLIAMS T,2015,SUMMER,100,12,8,6,3,0,0,0,0,1,0,3.0
CSCE,411,WILLIAMS T,2016,FALL,501,13,25,11,4,2,0,0,0,11,0,2.782
CSCE,411,WILLIAMS T,2016,SUMMER,200,10,14,17,4,1,1,0,0,3,0,2.609
CSCE,411,WILLIAMS T,2017,SPRING,502,10,16,15,9,5,0,0,0,4,0,2.309
CSCE,412,LIGHTFOOT R,2021,FALL,711,76,14,4,0,0,1,0,0,4,0,3.766
CSCE,412,LIGHTFOOT R,2022,FALL,700,90,8,2,0,0,0,0,0,0,0,3.88
CSCE,412,LIGHTFOOT R,2023,FALL,700,59,35,4,1,0,0,0,0,1,0,3.535
CSCE,412,LIGHTFOOT R,2023,SPRING,550,23,0,0,0,0,0,0,0,0,0,4.0
CSCE,412,LIGHTFOOT R,2023,SUMMER,700,38,9,4,2,4,0,0,0,1,0,3.316
CSCE,412,LIGHTFOOT R,2024,SPRING,550,24,0,0,0,0,0,0,0,0,0,4.0
CSCE,420,CHOE Y,2020,SPRING,500,16,31,14,3,0,5,0,0,7,0,2.938
CSCE,420,CHOE Y,2021,FALL,501,47,32,2,0,2,0,0,0,2,0,3.47
CSCE,420,CHOE Y,2022,FALL,501,44,30,16,0,0,0,0,0,6,0,3.311
CSCE,420,CHOE Y,2023,FALL,501,36,19,12,0,4,0,0,0,16,0,3.169
CSCE,420,DAUGHERITY W,2012,SUMMER,100,12,3,2,2,0,0,0,0,2,0,3.316
CSCE,420,DAUGHERITY W,2013,SUMMER,100,6,3,3,1,2,4,0,0,0,0,2.667
CSCE,420,DAUGHERITY W,2014,SUMMER,100,7,6,4,0,1,0,0,0,1,0,3.0
CSCE,420,DAUGHERITY W,2016,SPRING,500,16,16,8,1,6,0,0,0,7,0,2.745
CSCE,420,DAUGHERITY W,2017,FALL,500,5,14,16,12,6,1,0,0,5,0,2.0
CSCE,420,DAUGHERITY W,2017,SPRING,500,23,22,5,2,2,0,0,0,3,0,3.148
CSCE,420,DAUGHERITY W,2018,SPRING,500,28,30,17,1,6,1,1,0,13,0,2.89
CSCE,420,DAUGHERITY W,2018,SUMMER,200,11,2,3,0,1,1,0,0,0,0,3.294
CSCE,420,DAUGHERITY W,2019,SPRING,500,19,25,14,6,1,1,0,0,26,0,2.846
CSCE,420,DAUGHERITY W,2019,SUMMER,100,11,6,2,4,2,0,0,0,1,0,2.8
CSCE,420,GOKTAS U,2024,SPRING,550,9,0,0,0,0,0,0,0,0,0,4.0
CSCE,420,IOERGER T,2013,SPRING,500,21,26,9,0,2,1,0,0,1,0,3.103
CSCE,420,IOERGER T,2014,FALL,500,20,28,3,2,0,1,0,0,5,0,3.245
CSCE,420,IOERGER T,2016,FALL,500,27,19,3,6,0,0,0,0,4,0,3.218
CSCE,420,IOERGER T,2018,FALL,500,24,23,23,9,5,0,0,0,12,0,2.619
CSCE,420,IOERGER T,2021,SPRING,500,46,26,11,1,0,0,0,0,11,0,3.393
CSCE,420,IOERGER T,2022,SPRING,500,45,22,6,1,0,0,0,0,10,0,3.5
CSCE,420,IOERGER T,2023,FALL,500,23,34,16,6,1,1,0,0,10,0,2.9
CSCE,420,IOERGER T,2023,SPRING,500,35,27,4,1,1,0,0,0,4,0,3.382
CSCE,420,MURPHY R,2012,SPRING,500,15,14,3,1,1,0,0,0,0,0,3.206
CSCE,420,SHARON G,2024,SPRING,501,33,4,6,1,1,0,0,0,2,0,3.489
CSCE,420,SHELL D,2012,FALL,500,21,15,7,1,4,0,0,0,2,0,3.0
CSCE,420,SHELL D,2013,FALL,500,18,12,14,3,0,0,0,0,4,0,2.957
CSCE,420,SHELL D,2014,SPRING,200,13,2,0,0,0,0,0,0,0,0,3.867
CSCE,420,SHELL D,2015,FALL,500,16,23,6,4,1,0,0,0,8,0,2.98
CSCE,420,SHELL D,2015,SPRING,200,10,3,0,0,0,0,0,0,1,0,3.769
CSCE,420,SHELL D,2019,FALL,500,25,37,17,4,0,0,0,0,17,0,3.0
CSCE,420,SHELL D,2020,FALL,500,39,27,21,1,2,0,0,0,2,0,3.111
CSCE,420,SHELL D,2021,FALL,500,29,17,11,1,2,0,0,0,11,0,3.167
CSCE,420,SHELL D,2022,FALL,500,29,20,8,2,3,0,0,0,1,0,3.129
CSCE,420,SHELL D,2023,SPRING,501,16,11,5,0,0,0,0,0,2,0,3.344
CSCE,420,SHELL D,2024,SPRING,500,7,14,20,0,0,0,0,0,7,0,2.683
CSCE,420,WARD R,2014,SPRING,500,7,10,10,0,2,0,0,0,5,0,2.69
CSCE,420,WARD R,2015,SPRING,500,23,21,11,3,0,0,0,0,2,0,3.103
CSCE,421,CHASPARI T,2019,FALL,700,50,6,1,1,0,0,0,0,1,0,3.81
CSCE,421,CHASPARI T,2020,SPRING,501,28,2,0,0,0,0,0,0,0,0,3.933
CSCE,421,CHASPARI T,2022,FALL,700,93,3,3,0,0,0,0,0,1,0,3.909
CSCE,421,CHOE Y,2021,SPRING,500,44,30,13,0,2,0,0,0,7,0,3.281
CSCE,421,CHOE Y,2022,SPRING,700,54,25,6,0,1,1,0,0,9,0,3.523
CSCE,421,DUYSAK A,2023,FALL,1254,53,24,3,1,2,0,0,0,5,0,3.506
CSCE,421,DUYSAK A,2023,SUMMER,700,20,2,2,0,1,0,0,0,0,0,3.6
CSCE,421,DUYSAK A,2024,SPRING,550,4,1,0,0,0,0,0,0,0,0,3.8
CSCE,421,JI S,2023,FALL,704,10,22,5,1,0,0,0,0,8,0,3.079
CSCE,421,KING R,2023,SPRING,501,56,21,4,0,2,0,0,0,16,0,3.554
CSCE,421,MORTAZAVI B,2020,FALL,700,56,20,5,2,2,0,0,0,5,0,3.482
CSCE,421,MORTAZAVI B,2021,FALL,702,44,23,12,5,1,1,0,0,7,0,3.224
CSCE,421,MORTAZAVI B,2023,SPRING,700,59,27,5,0,1,0,0,0,6,0,3.554
CSCE,421,NOWROOZILARKI Z,2024,SPRING,500,60,19,7,0,2,0,0,0,12,0,3.534
CSCE,421,SHARON G,2021,FALL,500,29,26,11,9,1,0,0,0,11,0,2.961
CSCE,421,WANG Z,2020,SPRING,700,38,8,0,0,0,0,0,0,0,0,3.826
CSCE,421,YANG T,2024,SPRING,501,72,28,7,1,2,0,0,0,2,0,3.518
CSCE,430,KEYSER J,2020,SPRING,500,21,4,12,4,1,0,0,0,2,0,2.952
CSCE,430,KEYSER J,2021,SPRING,700,44,12,14,3,3,1,0,0,8,0,3.197
CSCE,430,KEYSER J,2022,SPRING,700,30,12,6,3,1,3,0,0,5,0,3.288
CSCE,430,KEYSER J,2023,SPRING,700,60,21,7,4,1,0,0,0,5,0,3.452
CSCE,430,KEYSER J,2024,SPRING,700,69,14,6,4,1,1,0,0,5,0,3.553
CSCE,431,HUANG S,2016,SPRING,1003,18,47,10,3,0,0,0,0,3,0,3.026
CSCE,431,HUANG S,2017,SPRING,1003,38,15,4,2,0,0,0,0,0,0,3.508
CSCE,431,HUANG S,2019,SPRING,1506,33,44,16,5,0,0,0,0,0,0,3.071
CSCE,431,JARVI J,2012,SPRING,1003,15,23,8,4,0,0,0,0,2,0,2.98
CSCE,431,JARVI J,2013,SPRING,1003,29,27,3,0,0,0,0,0,1,0,3.441
CSCE,431,NOWAK M,2020,SPRING,2006,63,40,6,0,0,0,0,0,0,0,3.523
CSCE,431,RITCHEY P,2018,SPRING,2056,54,30,9,5,1,0,0,0,2,0,3.323
CSCE,431,RITCHEY P,2019,FALL,1503,14,66,16,3,1,0,0,0,0,0,2.89
CSCE,431,RITCHEY P,2019,SPRING,550,12,6,2,0,0,0,0,0,0,0,3.5
CSCE,431,RITCHEY P,2020,SPRING,550,7,14,2,0,0,0,0,0,0,0,3.217
CSCE,431,RITCHEY P,2022,SPRING,550,22,7,1,0,0,0,0,0,2,0,3.7
CSCE,431,RITCHEY P,2023,SPRING,550,3,10,1,0,0,0,0,0,0,0,3.143
CSCE,431,RITCHEY P,2024,SPRING,550,13,2,4,1,1,0,0,0,0,0,3.19
CSCE,431,WADE P,2020,FALL,2006,102,21,3,0,0,0,0,0,1,0,3.786
CSCE,431,WADE P,2021,FALL,2523,83,8,2,0,0,0,0,0,3,0,3.871
CSCE,431,WADE P,2021,SPRING,2006,119,14,2,0,0,0,0,0,3,0,3.867
CSCE,431,WADE P,2022,FALL,3525,101,22,0,0,2,0,0,0,7,0,3.76
CSCE,431,WADE P,2022,SPRING,2006,71,11,3,0,0,0,0,0,0,0,3.8
CSCE,431,WADE P,2023,FALL,1503,31,6,3,0,1,0,0,0,0,0,3.61
CSCE,431,WADE P,2023,SPRING,1503,39,16,0,1,0,0,0,0,4,0,3.661
CSCE,431,WADE P,2024,SPRING,1503,78,3,2,0,0,0,0,0,2,0,3.916
CSCE,431,WALKER D,2014,SPRING,1003,46,19,4,0,1,0,0,0,0,0,3.557
CSCE,431,WALKER D,2015,SPRING,1506,34,25,3,1,0,0,0,0,0,0,3.46
CSCE,432,MOORE J,2023,SPRING,500,77,5,2,0,0,0,0,0,1,0,3.893
CSCE,432,MOORE J,2024,SPRING,500,71,7,1,1,1,0,0,0,0,0,3.802
CSCE,433,CHEN J,2022,SPRING,500,6,13,10,1,0,0,0,0,0,0,2.8
CSCE,433,CRAWFORD V,2024,SPRING,500,8,2,5,1,0,0,0,0,0,0,3.062
CSCE,433,GARAY J,2022,FALL,500,8,4,6,1,2,0,0,0,2,1,2.714
CSCE,433,SZE S,2012,SPRING,500,10,8,3,0,0,0,0,0,0,0,3.333
CSCE,433,SZE S,2014,SPRING,500,11,13,2,0,1,0,0,0,0,0,3.222
CSCE,433,SZE S,2023,FALL,500,13,13,0,0,0,0,0,0,0,0,3.5
CSCE,433,WELCH J,2018,SPRING,500,8,9,7,4,4,0,0,0,4,0,2.406
CSCE,433,WELCH J,2019,SPRING,500,8,8,3,2,2,0,0,0,1,0,2.783
CSCE,433,WELCH J,2020,SPRING,500,12,13,7,3,0,3,0,0,0,0,2.971
CSCE,433,WELCH J,2021,SPRING,500,9,8,3,0,1,0,0,0,4,0,3.143
CSCE,433,WILLIAMS T,2013,SPRING,500,6,8,5,1,0,0,0,0,0,0,2.95
CSCE,433,WILLIAMS T,2015,SPRING,500,3,6,3,0,0,1,0,0,1,0,3.0
CSCE,433,WILLIAMS T,2016,SPRING,500,15,16,6,2,1,0,0,0,0,0,3.05
CSCE,433,WILLIAMS T,2017,SPRING,500,9,14,11,1,1,0,0,0,1,0,2.806
CSCE,434,HORDEMANN G,2016,FALL,500,9,3,5,0,2,0,0,0,6,0,2.895
CSCE,434,HORDEMANN G,2018,FALL,500,9,4,3,1,5,0,0,0,17,0,2.5
CSCE,434,MCGUIRE T,2021,SPRING,500,36,14,9,4,3,0,0,0,9,0,3.152
CSCE,434,NGUYEN K,2021,FALL,501,4,4,5,0,1,0,0,0,12,0,2.714
CSCE,434,NGUYEN K,2022,FALL,500,7,2,2,0,0,0,0,0,9,0,3.455
CSCE,434,NGUYEN K,2023,FALL,500,5,3,1,0,2,0,0,0,6,0,2.818
CSCE,434,NGUYEN K,2024,SPRING,500,2,0,3,0,1,0,0,0,6,0,2.333
CSCE,434,RAUCHWERGER L,2012,FALL,500,3,4,2,3,4,0,0,0,2,0,1.938
CSCE,434,RAUCHWERGER L,2013,FALL,700,8,3,0,0,8,0,0,0,3,0,2.158
CSCE,434,RAUCHWERGER L,2014,FALL,500,11,1,1,2,1,0,0,0,7,0,3.188
CSCE,434,RAUCHWERGER L,2015,FALL,500,8,0,1,0,4,0,0,0,9,0,2.615
CSCE,434,RAUCHWERGER L,2017,FALL,500,9,4,0,1,3,0,0,0,12,0,2.882
CSCE,435,DAVIS T,2017,FALL,500,19,17,8,3,4,0,0,0,1,0,2.863
CSCE,435,DAVIS T,2017,SPRING,500,16,13,5,5,0,1,0,1,1,0,3.026
CSCE,435,PEARCE O,2021,FALL,500,53,3,0,0,0,0,0,0,1,0,3.946
CSCE,435,PEARCE O,2022,FALL,500,78,11,4,0,0,0,0,0,1,0,3.796
CSCE,435,PEARCE O,2023,FALL,500,84,15,1,0,0,0,0,0,0,0,3.83
CSCE,435,SARIN V,2013,FALL,500,8,30,13,1,2,1,0,0,1,0,2.759
CSCE,435,SARIN V,2014,FALL,500,9,40,5,4,2,0,0,0,0,0,2.833
CSCE,435,SARIN V,2015,FALL,500,20,30,5,2,1,0,0,0,0,0,3.138
CSCE,435,SARIN V,2016,FALL,500,23,14,2,1,2,0,0,0,0,0,3.31
CSCE,435,SARIN V,2017,SUMMER,100,10,16,9,2,1,0,0,0,0,0,2.842
CSCE,435,SARIN V,2018,SPRING,500,14,16,4,0,0,0,0,0,0,0,3.294
CSCE,435,SARIN V,2018,SUMMER,100,15,4,4,0,0,0,0,0,0,0,3.478
CSCE,435,SARIN V,2019,FALL,500,32,16,7,2,0,0,0,0,1,0,3.368
CSCE,435,SARIN V,2019,SUMMER,100,21,4,0,2,0,0,0,0,0,0,3.63
CSCE,435,SARIN V,2020,FALL,500,23,4,3,0,2,0,0,0,1,0,3.438
CSCE,435,SARIN V,2020,SPRING,500,19,6,6,1,0,0,0,0,0,0,3.344
CSCE,435,SARIN V,2020,SUMMER,298,19,10,1,0,3,0,0,0,1,0,3.273
CSCE,435,SARIN V,2021,SPRING,500,34,5,0,0,1,0,0,0,0,0,3.775
CSCE,435,SARIN V,2021,SUMMER,700,17,5,2,2,1,0,0,0,0,0,3.296
CSCE,435,SARIN V,2022,SPRING,500,36,1,0,0,0,0,0,0,0,0,3.973
CSCE,435,SARIN V,2022,SUMMER,701,20,3,2,5,2,0,0,0,1,0,3.062
CSCE,435,SARIN V,2023,SPRING,500,32,7,2,1,0,0,0,0,0,0,3.667
CSCE,435,SARIN V,2023,SUMMER,701,8,5,2,0,1,0,0,0,1,0,3.188
CSCE,435,SARIN V,2024,SPRING,500,35,2,1,0,0,0,0,0,0,0,3.895
CSCE,436,FURUTA R,2015,FALL,500,54,24,8,2,1,0,0,0,0,0,3.438
CSCE,436,HAMMOND T,2012,FALL,500,6,2,1,1,1,1,0,0,1,34,3.0
CSCE,436,HAMMOND T,2013,FALL,500,25,23,1,1,0,0,0,0,0,0,3.44
CSCE,436,KIM J,2020,SPRING,500,49,7,0,0,0,0,0,0,0,0,3.875
CSCE,436,KIM J,2021,SPRING,700,83,16,0,0,0,0,0,0,1,0,3.838
CSCE,436,KIM J,2022,SPRING,700,89,11,0,0,0,0,0,0,0,0,3.89
CSCE,436,KIM J,2023,SPRING,700,106,21,2,0,0,0,0,0,1,0,3.806
CSCE,436,KIM J,2024,SPRING,700,82,15,2,0,0,0,0,0,1,0,3.808
CSCE,436,MOORE J,2016,FALL,500,60,32,2,1,0,0,0,0,1,0,3.589
CSCE,436,MOORE J,2017,FALL,500,38,15,5,0,0,0,0,0,1,0,3.569
CSCE,436,MOORE J,2017,SPRING,500,33,25,1,0,0,0,0,0,0,0,3.542
CSCE,436,MOORE J,2018,SPRING,500,28,23,3,1,0,0,0,0,1,0,3.418
CSCE,436,MOORE J,2019,FALL,500,65,22,9,0,2,0,0,0,1,0,3.51
CSCE,436,MOORE J,2019,SPRING,500,59,31,4,3,1,0,0,0,1,0,3.469
CSCE,436,MOORE J,2020,FALL,500,83,8,3,0,1,0,0,0,2,0,3.811
CSCE,436,MOORE J,2021,FALL,500,78,18,0,0,0,0,0,0,1,0,3.812
CSCE,436,MOORE J,2022,FALL,700,91,5,3,0,0,0,0,0,0,0,3.889
CSCE,436,MOORE J,2023,FALL,500,82,17,1,0,0,0,0,0,0,0,3.81
CSCE,436,SHIPMAN F,2014,FALL,500,45,14,1,0,0,0,0,0,0,0,3.733
CSCE,438,CAVERLEE J,2014,SPRING,500,34,24,1,0,1,0,0,0,0,0,3.5
CSCE,438,MOORE J,2015,SPRING,500,17,26,8,2,0,0,0,0,1,0,3.094
CSCE,438,STOLERU R,2013,SPRING,500,15,14,5,0,2,0,0,0,2,0,3.111
CSCE,438,STOLERU R,2017,SPRING,500,10,22,11,3,2,0,0,0,4,0,2.729
CSCE,438,STOLERU R,2018,SPRING,500,13,21,8,4,2,0,0,0,2,0,2.812
CSCE,438,STOLERU R,2019,SPRING,500,14,22,10,2,2,0,0,0,2,0,2.88
CSCE,438,STOLERU R,2020,SPRING,500,20,30,5,0,1,0,0,0,1,0,3.214
CSCE,438,STOLERU R,2022,SPRING,700,31,19,17,4,2,0,0,0,12,0,3.0
CSCE,438,STOLERU R,2023,SPRING,500,11,26,7,1,0,0,0,0,6,0,3.044
CSCE,438,STOLERU R,2024,SPRING,700,23,27,10,6,1,0,0,0,10,0,2.97
CSCE,439,CARLISLE M,2023,FALL,500,15,10,1,0,0,0,0,0,1,0,3.538
CSCE,440,KLAPPENECKER A,2012,FALL,500,10,5,0,0,0,0,0,0,1,0,3.667
CSCE,440,KLAPPENECKER A,2014,FALL,500,11,6,2,0,0,0,0,0,1,0,3.474
CSCE,440,KLAPPENECKER A,2016,FALL,500,8,6,0,0,0,0,0,0,0,0,3.571
CSCE,440,KLAPPENECKER A,2021,SPRING,500,17,3,2,1,2,0,0,0,4,0,3.28
CSCE,440,KLAPPENECKER A,2022,SPRING,500,19,6,0,0,1,0,0,0,1,0,3.615
CSCE,440,KLAPPENECKER A,2023,FALL,500,10,2,0,0,0,0,0,0,0,0,3.833
CSCE,440,KLAPPENECKER A,2023,SPRING,500,19,2,0,0,1,0,0,0,2,0,3.727
CSCE,440,SONG F,2019,SPRING,500,4,3,1,1,0,0,0,0,1,0,3.111
CSCE,441,CHAI J,2012,FALL,500,17,14,4,2,9,2,0,0,1,1,2.609
CSCE,441,CHAI J,2013,SPRING,500,14,11,14,3,4,0,0,0,4,0,2.609
CSCE,441,CHAI J,2015,FALL,500,10,11,6,8,10,1,0,0,9,0,2.067
CSCE,441,CHAI J,2015,SPRING,500,14,8,3,9,7,0,0,0,13,0,2.317
CSCE,441,CHAI J,2016,SPRING,500,12,8,12,4,4,3,0,0,10,0,2.5
CSCE,441,KEYSER J,2018,FALL,500,11,12,14,8,5,0,0,0,5,0,2.32
CSCE,441,KHADEMI KALANTARI N,2019,FALL,500,19,11,13,2,9,2,0,0,2,0,2.537
CSCE,441,KHADEMI KALANTARI N,2020,FALL,500,14,12,11,2,3,0,0,0,5,0,2.762
CSCE,441,KHADEMI KALANTARI N,2021,FALL,500,17,15,3,2,2,1,0,0,7,0,3.103
CSCE,441,KHADEMI KALANTARI N,2022,FALL,700,34,19,24,2,10,0,0,0,9,0,2.73
CSCE,441,KHADEMI KALANTARI N,2023,FALL,700,28,19,6,9,8,0,0,0,6,0,2.714
CSCE,441,SCHAEFER S,2012,SPRING,500,11,16,6,5,8,0,0,0,3,0,2.37
CSCE,441,SCHAEFER S,2013,FALL,500,6,10,9,10,7,1,0,0,14,0,1.952
CSCE,441,SCHAEFER S,2014,FALL,500,14,12,5,1,12,1,0,0,8,0,2.341
CSCE,441,SCHAEFER S,2014,SPRING,500,17,6,8,3,16,0,0,0,4,0,2.1
CSCE,441,SCHAEFER S,2016,FALL,500,16,11,7,4,9,1,0,0,9,0,2.447
CSCE,441,SCHAEFER S,2017,FALL,500,11,14,3,4,6,0,0,0,15,0,2.526
CSCE,441,SUEDA S,2017,SPRING,500,15,13,16,3,0,0,0,0,5,0,2.851
CSCE,441,SUEDA S,2018,SPRING,500,19,7,14,6,4,2,0,0,4,0,2.62
CSCE,441,SUEDA S,2019,SPRING,500,18,8,8,5,4,1,0,0,7,0,2.721
CSCE,441,SUEDA S,2020,SPRING,700,19,8,10,6,6,1,0,0,0,0,2.571
CSCE,441,SUEDA S,2021,SPRING,700,42,22,10,4,2,0,0,0,17,0,3.225
CSCE,441,SUEDA S,2022,SPRING,700,52,13,10,2,3,1,0,0,14,0,3.362
CSCE,441,SUEDA S,2023,SPRING,700,45,26,9,3,3,0,0,0,8,0,3.244
CSCE,441,SUEDA S,2024,SPRING,500,43,18,15,3,6,1,0,0,12,0,3.047
CSCE,442,WANG W,2023,SPRING,500,7,3,4,1,0,0,0,0,3,16,3.067
CSCE,442,WANG W,2024,SPRING,500,39,4,0,1,1,0,0,0,2,0,3.756
CSCE,443,ANDREASSON M,2018,FALL,500,6,5,0,0,0,0,0,0,0,0,3.545
CSCE,443,ANDREASSON M,2020,FALL,500,7,2,0,0,0,0,0,0,0,0,3.778
CSCE,443,BRACKENRIDGE R,2012,FALL,500,7,9,0,0,0,0,0,0,0,0,3.438
CSCE,443,GOOCH B,2016,FALL,500,31,6,2,0,1,0,0,0,1,0,3.65
CSCE,443,GOOCH B,2016,SPRING,500,55,11,4,1,3,1,0,0,0,0,3.541
CSCE,443,SALEEM W,2013,FALL,501,8,5,2,0,0,0,0,0,0,0,3.4
CSCE,443,SCHAEFER S,2013,FALL,500,8,6,0,0,0,0,0,0,0,0,3.571
CSCE,443,SMITH M,2024,SPRING,500,9,0,0,0,0,0,0,0,1,0,4.0
CSCE,443,SUEDA S,2019,FALL,500,14,4,1,0,0,0,0,0,0,0,3.684
CSCE,443,THOMAS A,2014,FALL,500,19,0,0,0,0,0,0,0,0,0,4.0
CSCE,443,THOMAS A,2014,SPRING,500,12,0,0,0,0,0,0,0,0,0,4.0
CSCE,443,THOMAS A,2015,SPRING,500,16,0,0,0,0,0,0,0,0,0,4.0
CSCE,443,THOMAS A,2017,FALL,500,12,0,1,0,0,0,0,0,0,0,3.846
CSCE,443,THOMAS A,2019,SPRING,501,5,1,0,0,0,0,0,0,1,0,3.833
CSCE,443,THOMAS A,2020,SPRING,501,9,0,0,0,0,0,0,0,0,0,4.0
CSCE,443,THOMAS A,2022,SPRING,501,7,0,0,0,0,0,0,0,0,0,4.0
CSCE,443,THOMAS A,2023,SPRING,500,10,0,0,0,0,0,0,0,0,0,4.0
CSCE,444,KERNE A,2015,FALL,500,26,20,4,1,3,0,0,0,5,0,3.204
CSCE,445,FURUTA R,2019,FALL,500,18,23,9,2,0,0,0,0,1,0,3.096
CSCE,445,FURUTA R,2019,SPRING,500,21,28,7,2,1,0,0,0,0,0,3.119
CSCE,445,FURUTA R,2020,FALL,700,46,8,2,0,0,0,0,0,0,0,3.786
CSCE,445,SHIPMAN F,2012,SPRING,500,17,2,0,0,0,0,0,0,0,0,3.895
CSCE,445,SHIPMAN F,2014,SPRING,500,19,5,4,0,0,0,0,0,0,0,3.536
CSCE,445,SHIPMAN F,2015,SPRING,500,28,8,1,0,0,0,0,0,0,0,3.73
CSCE,445,SHIPMAN F,2016,SPRING,500,40,9,1,0,0,1,0,0,1,0,3.78
CSCE,445,SHIPMAN F,2017,SPRING,500,25,4,0,0,0,0,0,0,0,0,3.862
CSCE,445,SHIPMAN F,2018,FALL,500,45,12,1,0,0,0,0,0,1,0,3.759
CSCE,445,SHIPMAN F,2018,SPRING,500,37,7,1,0,1,0,0,0,1,0,3.717
CSCE,445,SHIPMAN F,2020,SPRING,500,45,9,2,0,0,0,0,0,0,0,3.768
CSCE,445,SHIPMAN F,2022,SPRING,500,31,4,3,0,0,0,0,0,1,0,3.737
CSCE,445,SHIPMAN F,2023,SPRING,500,35,1,1,0,0,0,0,0,0,0,3.919
CSCE,445,SHIPMAN F,2024,SPRING,500,37,3,0,0,0,0,0,0,0,0,3.925
CSCE,446,ROJAS MUNOZ E,2023,SPRING,500,4,2,1,0,0,0,0,0,0,0,3.429
CSCE,446,ROJAS MUNOZ E,2024,SPRING,500,4,1,0,0,0,0,0,0,0,0,3.8
CSCE,446,SEO J,2022,SPRING,500,5,1,0,0,0,0,0,0,2,0,3.833
CSCE,447,MCNAMARA A,2020,FALL,500,2,3,0,0,0,0,0,0,0,0,3.4
CSCE,447,MCNAMARA A,2023,SPRING,600,5,0,0,0,0,0,0,0,0,0,4.0
CSCE,447,SHIPMAN F,2021,FALL,500,33,4,0,0,1,0,0,0,1,0,3.789
CSCE,447,SHIPMAN F,2023,FALL,500,62,0,2,0,0,0,0,0,0,0,3.938
CSCE,448,KHADEMI KALANTARI N,2023,SPRING,500,28,3,3,1,0,0,0,0,0,0,3.657
CSCE,448,KHADEMI KALANTARI N,2024,SPRING,500,15,10,2,1,0,0,0,0,1,0,3.393
CSCE,449,PERLMAN R,2024,SPRING,500,33,5,3,0,0,0,0,0,3,0,3.732
CSCE,450,SUEDA S,2022,FALL,500,16,5,2,0,0,0,0,0,2,0,3.609
CSCE,450,SUEDA S,2023,FALL,700,17,0,2,0,0,0,0,0,0,0,3.789
CSCE,451,CARLISLE M,2024,SPRING,500,53,12,2,0,4,0,0,0,6,0,3.549
CSCE,451,LIU J,2017,SPRING,1001,16,11,11,3,0,0,0,0,5,0,2.976
CSCE,451,LIU J,2018,SPRING,500,14,4,3,0,0,0,0,0,1,0,3.524
CSCE,451,LIU J,2019,SPRING,500,17,7,0,1,1,1,0,0,2,0,3.462
CSCE,451,LIU J,2020,SPRING,500,27,10,0,0,0,0,0,0,1,0,3.73
CSCE,451,LIU J,2021,SPRING,1001,25,26,2,0,0,1,0,0,4,0,3.434
CSCE,451,LIU J,2022,SPRING,500,24,22,0,0,0,0,0,0,1,0,3.522
CSCE,451,LIU J,2023,FALL,500,12,15,8,0,1,1,0,0,1,0,3.028
CSCE,451,LIU J,2023,SPRING,500,35,18,4,2,0,0,0,0,2,0,3.458
CSCE,452,O,2023,FALL,500,13,7,5,1,3,0,0,0,3,0,2.897
CSCE,452,O,2023,SPRING,500,26,22,8,3,0,0,0,0,1,0,3.203
CSCE,452,O,2024,SPRING,500,5,6,9,1,5,0,0,0,2,0,2.192
CSCE,452,SONG D,2013,SPRING,500,25,17,3,1,1,0,0,0,0,0,3.362
CSCE,452,SONG D,2014,SPRING,500,6,14,4,0,0,1,0,0,0,0,3.083
CSCE,452,SONG D,2015,SPRING,500,7,17,9,1,0,0,0,0,0,0,2.882
CSCE,452,SONG D,2016,SPRING,500,15,21,15,1,0,0,0,0,1,0,2.962
CSCE,452,SONG D,2017,SPRING,500,12,20,8,2,0,0,0,0,1,0,3.0
CSCE,452,SONG D,2018,FALL,500,20,23,7,0,0,1,0,0,1,0,3.26
CSCE,452,SONG D,2021,FALL,500,17,8,1,0,0,0,0,0,0,0,3.615
CSCE,452,YEH S,2019,FALL,500,22,18,5,0,0,0,0,0,0,0,3.378
CSCE,461,JAFARI R,2018,FALL,1001,3,5,2,2,0,0,0,0,0,0,2.75
CSCE,462,LIU J,2012,FALL,1003,15,7,7,0,0,4,0,0,0,0,3.276
CSCE,462,LIU J,2012,SPRING,1003,18,6,1,0,1,0,0,0,0,0,3.538
CSCE,462,LIU J,2013,FALL,1003,16,19,0,0,0,0,0,0,0,0,3.457
CSCE,462,LIU J,2013,SPRING,1003,10,9,1,0,0,4,0,0,0,0,3.45
CSCE,462,LIU J,2014,FALL,1506,24,12,13,0,0,0,0,0,1,0,3.224
CSCE,462,LIU J,2014,SPRING,1003,13,13,10,0,1,2,0,0,0,0,3.0
CSCE,462,LIU J,2015,FALL,1003,25,11,6,0,0,0,0,0,1,0,3.452
CSCE,462,LIU J,2015,SPRING,1003,18,17,1,0,0,2,0,0,0,0,3.472
CSCE,462,LIU J,2016,FALL,1506,37,18,11,0,0,0,0,0,1,0,3.394
CSCE,462,LIU J,2016,SPRING,1003,14,10,9,0,0,0,0,0,0,0,3.152
CSCE,462,LIU J,2017,SPRING,1003,23,14,15,0,1,0,0,0,0,0,3.094
CSCE,462,LIU J,2018,FALL,1003,26,16,3,0,1,0,0,0,0,0,3.435
CSCE,462,LIU J,2018,SPRING,1003,33,15,5,0,0,0,0,0,1,0,3.528
CSCE,462,LIU J,2019,FALL,500,24,16,3,0,0,1,0,0,1,0,3.488
CSCE,462,LIU J,2019,SPRING,501,20,14,5,0,0,0,0,0,0,0,3.385
CSCE,462,LIU J,2020,FALL,1001,24,20,7,0,2,0,0,0,1,0,3.208
CSCE,462,LIU J,2020,SPRING,1003,41,25,0,0,0,0,0,0,1,0,3.621
CSCE,462,LIU J,2021,FALL,1001,26,16,4,0,0,0,0,0,2,0,3.478
CSCE,462,LIU J,2021,SPRING,1003,27,30,7,0,1,0,0,0,3,0,3.262
CSCE,462,LIU J,2022,FALL,1001,23,8,6,0,2,0,0,0,0,0,3.282
CSCE,462,LIU J,2022,SPRING,1001,29,21,4,0,1,0,0,0,1,0,3.4
CSCE,462,LIU J,2023,FALL,1001,19,9,3,0,0,0,0,0,1,0,3.516
CSCE,462,LIU J,2023,SPRING,1001,25,28,9,0,0,1,0,0,1,0,3.258
CSCE,462,LIU J,2024,SPRING,1503,42,12,3,0,0,0,0,0,1,0,3.684
CSCE,462,MAHAPATRA R,2017,FALL,1506,13,24,8,1,0,3,0,0,0,0,3.065
CSCE,463,LOGUINOV D,2013,FALL,500,2,3,6,3,3,0,0,0,18,0,1.882
CSCE,463,LOGUINOV D,2013,SPRING,500,2,5,2,1,1,0,0,0,2,0,2.545
CSCE,463,LOGUINOV D,2015,SPRING,500,10,10,8,5,5,0,0,0,5,0,2.395
CSCE,463,LOGUINOV D,2016,SPRING,500,12,6,3,2,2,1,0,0,12,0,2.96
CSCE,463,LOGUINOV D,2017,SPRING,500,16,5,2,0,4,0,0,0,4,0,3.074
CSCE,463,LOGUINOV D,2018,SPRING,500,4,2,6,5,0,0,0,0,4,0,2.294
CSCE,463,LOGUINOV D,2019,FALL,500,9,12,2,0,3,1,0,0,5,0,2.923
CSCE,463,LOGUINOV D,2019,SPRING,500,9,5,6,1,3,1,0,0,2,0,2.667
CSCE,463,LOGUINOV D,2020,FALL,500,18,5,4,0,1,0,0,0,5,0,3.393
CSCE,463,LOGUINOV D,2021,FALL,500,15,6,1,0,1,1,0,0,4,0,3.478
CSCE,463,LOGUINOV D,2021,SPRING,500,16,3,5,3,1,0,0,0,7,0,3.071
CSCE,463,LOGUINOV D,2022,FALL,500,14,5,2,1,1,0,0,0,6,0,3.304
CSCE,463,LOGUINOV D,2022,SPRING,500,14,5,3,1,4,0,0,0,4,0,2.889
CSCE,463,LOGUINOV D,2023,FALL,500,12,7,2,0,2,0,0,0,7,0,3.174
CSCE,463,LOGUINOV D,2023,SPRING,500,10,7,3,2,5,0,0,0,6,0,2.556
CSCE,463,LOGUINOV D,2024,SPRING,500,9,5,3,0,1,1,0,0,1,0,3.167
CSCE,464,AGUMBE SURESH M,2017,FALL,500,24,11,14,1,1,0,0,0,6,0,3.098
CSCE,464,ALTAWEEL A,2018,SPRING,500,16,9,10,4,4,0,0,0,9,0,2.674
CSCE,464,STOLERU R,2012,FALL,500,27,13,5,0,1,0,0,0,0,0,3.413
CSCE,464,STOLERU R,2013,FALL,500,19,23,4,0,0,0,0,0,1,0,3.326
CSCE,464,STOLERU R,2015,FALL,500,17,33,12,6,4,0,0,0,4,0,2.736
CSCE,464,STOLERU R,2016,FALL,500,8,21,15,6,2,1,0,0,5,0,2.519
CSCE,464,STOLERU R,2018,FALL,500,19,23,12,2,1,0,0,0,0,0,3.0
CSCE,464,STOLERU R,2019,FALL,500,17,25,12,1,1,0,0,0,2,0,3.0
CSCE,464,STOLERU R,2020,FALL,500,18,23,9,2,0,0,0,0,4,0,3.096
CSCE,464,STOLERU R,2023,FALL,500,10,11,7,0,1,0,0,0,3,0,3.0
CSCE,464,STOLERU R,2023,SPRING,500,22,37,11,4,0,0,0,0,9,0,3.041
CSCE,465,CARLISLE M,2020,SPRING,702,51,40,9,0,0,0,0,0,0,0,3.42
CSCE,465,CARLISLE M,2022,SPRING,501,30,39,12,5,3,0,0,0,4,0,2.989
CSCE,465,CARLISLE M,2023,SPRING,700,44,36,12,1,1,0,0,0,4,0,3.287
CSCE,465,CARLISLE M,2024,SPRING,500,35,53,9,0,0,0,0,0,2,0,3.268
CSCE,465,DA SILVA D,2021,SPRING,700,77,16,3,0,2,0,0,0,1,0,3.694
CSCE,465,GU G,2012,SPRING,500,24,25,7,2,1,0,0,0,0,0,3.169
CSCE,465,GU G,2013,SPRING,500,25,23,6,0,3,0,0,0,2,0,3.175
CSCE,465,GU G,2014,SPRING,500,18,22,12,4,2,0,0,0,1,0,2.862
CSCE,465,GU G,2015,SPRING,500,15,27,12,3,0,0,0,0,2,0,2.947
CSCE,465,GU G,2018,SPRING,500,21,34,17,5,3,0,0,0,7,0,2.812
CSCE,465,GU G,2019,FALL,500,31,23,17,11,4,0,0,0,7,0,2.767
CSCE,465,GU G,2020,FALL,700,33,27,11,7,2,0,0,0,9,0,3.025
CSCE,465,GU G,2021,FALL,500,19,32,18,1,4,0,0,0,13,0,2.824
CSCE,465,GU G,2022,FALL,500,16,16,6,0,5,0,0,0,2,0,2.884
CSCE,465,GU G,2023,FALL,500,12,5,0,1,2,0,0,0,5,0,3.2
CSCE,465,HONG S,2019,SPRING,501,30,37,5,2,2,1,0,0,5,0,3.197
CSCE,465,HOUNGNINOU D,2022,SPRING,700,57,28,14,1,0,0,0,0,0,0,3.41
CSCE,465,MENDOZA A,2018,FALL,500,45,30,17,0,1,0,0,0,4,0,3.269
CSCE,465,MENDOZA A,2019,SPRING,500,43,44,4,0,1,0,0,0,0,0,3.391
CSCE,465,PERLMAN R,2023,FALL,503,11,14,11,2,1,0,0,0,1,0,2.821
CSCE,465,RAGSDALE D,2016,FALL,500,54,27,11,2,1,0,0,0,1,0,3.379
CSCE,465,RAGSDALE D,2017,FALL,500,61,28,4,2,0,0,0,0,1,0,3.558
CSCE,465,RITCHEY P,2016,SPRING,500,26,27,8,2,6,0,0,0,5,0,2.942
CSCE,465,RITCHEY P,2017,SPRING,500,19,11,7,5,3,1,0,0,6,0,2.844
CSCE,465,SAXENA N,2023,FALL,599,47,3,0,0,0,0,0,0,0,0,3.94
CSCE,465,SAXENA N,2024,SPRING,599,66,4,0,0,0,0,0,0,0,0,3.943
CSCE,465,ZHANG Y,2020,SPRING,500,20,28,6,0,1,0,0,0,0,0,3.2
CSCE,465,ZHANG Y,2021,FALL,702,16,25,14,2,0,1,0,0,0,0,2.965
CSCE,465,ZHANG Y,2022,FALL,702,26,50,11,3,1,0,0,0,1,0,3.066
CSCE,469,KIM E,2021,FALL,500,10,3,3,2,0,0,0,0,1,0,3.167
CSCE,469,KIM E,2022,FALL,500,7,14,5,0,0,0,0,0,3,0,3.077
CSCE,469,TERAN E,2017,SPRING,500,9,2,3,0,0,0,0,0,3,0,3.429
CSCE,470,CAVERLEE J,2012,FALL,500,21,24,10,2,0,0,0,0,3,0,3.123
CSCE,470,CAVERLEE J,2013,FALL,500,34,22,7,2,1,0,0,0,0,0,3.303
CSCE,470,CAVERLEE J,2014,FALL,500,23,27,13,2,0,0,0,0,1,0,3.092
CSCE,470,CAVERLEE J,2016,SPRING,500,28,24,9,3,0,0,0,0,0,0,3.203
CSCE,470,CAVERLEE J,2017,FALL,500,36,14,4,1,3,0,0,0,2,0,3.362
CSCE,470,CAVERLEE J,2018,FALL,500,56,40,1,1,1,0,0,0,1,0,3.505
CSCE,470,CAVERLEE J,2023,FALL,700,52,34,2,0,1,0,0,0,2,0,3.528
CSCE,470,HU X,2017,SPRING,500,44,19,1,0,0,0,0,0,0,0,3.672
CSCE,470,HU X,2018,SPRING,500,32,25,2,0,0,0,0,0,0,0,3.508
CSCE,470,HU X,2019,FALL,500,43,32,4,0,0,0,0,0,1,0,3.494
CSCE,470,HU X,2019,SPRING,501,44,43,2,0,0,0,0,0,2,0,3.472
CSCE,470,HUANG R,2019,SPRING,500,25,5,4,2,2,0,0,0,0,0,3.289
CSCE,470,HUANG R,2020,FALL,500,43,16,6,1,1,0,0,0,3,0,3.478
CSCE,470,HUANG R,2020,SPRING,500,33,19,15,2,3,1,0,0,1,0,3.069
CSCE,470,HUANG R,2022,SPRING,700,32,34,7,2,3,0,0,0,3,0,3.154
CSCE,477,DEWITTE P,2021,FALL,500,51,0,0,0,1,1,0,0,1,0,3.923
CSCE,477,DEWITTE P,2021,SPRING,500,13,1,0,0,0,0,0,0,0,0,3.929
CSCE,477,DEWITTE P,2022,FALL,500,51,3,0,0,0,0,0,0,0,0,3.944
CSCE,477,DEWITTE P,2023,FALL,500,51,1,0,0,1,0,0,0,0,0,3.906
CSCE,477,DEWITTE P,2023,SPRING,500,52,0,0,0,0,0,0,0,0,0,4.0
CSCE,477,DEWITTE P,2024,SPRING,500,47,1,0,0,0,0,0,0,1,0,3.979
CSCE,483,DASS J,2020,SPRING,931,22,2,0,0,1,0,0,0,0,0,3.76
CSCE,483,GUTIERREZ,2012,SPRING,1003,15,9,0,0,0,0,0,0,0,0,3.625
CSCE,483,GUTIERREZ,2014,SPRING,1003,18,5,0,0,0,0,0,0,0,0,3.783
CSCE,483,HAMMOND T,2023,SPRING,932,34,0,0,0,0,0,0,0,0,0,4.0
CSCE,483,LARA GARDUNO R,2017,FALL,501,27,4,0,1,0,0,0,0,0,0,3.781
CSCE,483,MAHAPATRA R,2017,SPRING,1003,40,14,0,0,0,0,0,0,0,0,3.741
CSCE,483,MAHAPATRA R,2018,FALL,931,23,6,0,0,0,0,0,0,0,0,3.793
CSCE,483,MAHAPATRA R,2018,SPRING,1003,32,17,0,0,0,0,0,0,0,0,3.653
CSCE,483,MAHAPATRA R,2019,SPRING,1863,38,17,0,0,0,0,0,0,0,0,3.691
CSCE,483,MAHAPATRA R,2021,SPRING,932,23,6,0,0,0,0,0,0,0,0,3.793
CSCE,483,MAHAPATRA R,2022,FALL,931,22,7,0,0,0,0,0,0,0,0,3.759
CSCE,483,MAHAPATRA R,2022,SPRING,932,30,5,1,1,0,0,0,0,0,0,3.73
CSCE,483,MAHAPATRA R,2023,FALL,931,32,5,0,0,0,0,0,0,0,0,3.865
CSCE,483,MAHAPATRA R,2023,SPRING,933,23,0,0,0,0,0,0,0,0,0,4.0
CSCE,483,MAHAPATRA R,2024,SPRING,933,29,1,0,0,0,0,0,0,0,0,3.967
CSCE,483,MURPHY R,2015,SPRING,1003,29,9,0,0,1,0,0,0,0,0,3.667
CSCE,483,MURPHY R,2019,FALL,930,4,19,5,0,0,0,0,0,0,0,2.964
CSCE,483,MURPHY R,2020,FALL,930,11,12,0,0,0,0,0,0,0,0,3.478
CSCE,483,MURPHY R,2020,SPRING,932,14,5,0,0,0,0,0,0,0,0,3.737
CSCE,483,MURPHY R,2021,FALL,931,19,10,0,0,0,0,0,0,1,0,3.655
CSCE,483,SHELL D,2012,FALL,1003,13,0,2,0,0,0,0,0,0,0,3.733
CSCE,483,SHELL D,2018,FALL,930,4,1,3,1,0,0,0,0,0,0,2.889
CSCE,483,SONG D,2013,FALL,1003,11,5,0,1,0,0,0,0,2,0,3.529
CSCE,483,SONG D,2013,SPRING,1003,19,2,3,0,0,1,0,0,0,0,3.667
CSCE,483,SONG D,2014,FALL,501,7,2,0,0,0,0,0,0,0,0,3.778
CSCE,483,SONG D,2015,FALL,1003,17,8,2,0,0,0,0,0,0,0,3.556
CSCE,483,SONG D,2016,FALL,1003,9,6,0,1,0,0,0,0,0,0,3.438
CSCE,483,SONG D,2016,SPRING,1003,18,10,5,0,0,0,0,0,0,0,3.394
CSCE,483,SONG D,2022,SPRING,931,38,2,0,0,0,0,0,0,0,0,3.95
CSCE,483,SONG D,2023,SPRING,931,13,0,0,0,0,0,0,0,0,0,4.0
CSCE,483,TAELE P,2021,SPRING,931,28,0,0,0,0,0,0,0,0,0,4.0
CSCE,483,TAELE P,2024,SPRING,1863,52,0,1,0,0,0,0,0,0,0,3.962
